,CLX,CMC,CAR,AVID,PEP,FLS,ANF,OSK,VVI,EXTR,PRGS,DELL,GNW,JAKK,PLUG,RDNT,DSPG,ITW,MLM,VMC,LEN,PTX,SCOR,AXAS,GTS,NBR,HPE,TKR,RGS,MDRX,QEP,IDTI,USAK,NFLX,SUPN,CACC,WRLD,CPF,IRDM,XOMA,HOLX,DSPG,CACI,IR,LEA,HA,AAPL,HOLX,LNN,PEP,NSP,CHS,NMIH,RIG,DRI,FNF,MPC,BGFV,LEN,WMB,NUAN,SIGM,CNMD,FOE,FORR,STC,RDN,LHCG,OCLR,DELL,CASH,KMT,PFSI,TUES,ICPT
0,64.0,13.45,13.085,14.28,68.31,134.76,40.87,27.24,27.42,3.29,23.32,13.82,12.59,6.59,3.1,1.92,8.75,78.59,118.48,66.33,38.53,6.33,30.92,5.14,18.47,26.11,14.4,45.63,14.13,12.445,24.52,20.84,23.24,613.25,13.13,230.24,85.0,23.11,6.94,0.83,42.45,9.12,80.46,56.86,125.68,39.77,96.04,34.49,77.64,99.58,66.78,11.09,7.43,10.49,61.63,33.25,43.31,16.05,46.46,28.2,16.96,6.5,42.94,17.08,38.8,41.58,,,,,,,,,
1,67.14,13.62,13.28,13.99,70.19,139.45,44.4,30.99,27.25,3.46,24.17,13.81,12.28,6.29,3.78,1.98,8.6,81.48,117.28,65.73,40.54,6.59,32.56,5.58,18.57,25.29,13.39,45.65,14.65,12.425,25.33,20.64,23.38,621.87,13.44,235.1,84.22,23.55,6.69,0.7817,39.74,8.595,78.47,58.7,125.82,42.64,96.91,35.08,72.33,98.36,71.1,10.78,8.11,10.09,61.19,33.42,48.2,13.4,47.43,27.97,17.05,6.2,42.65,17.07,40.6,41.31,,,,,,,,,
2,68.59,13.64,12.79,14.38,70.21,138.55,45.89,29.35,27.62,3.46,23.6,13.77,11.8,6.46,3.63,1.94,8.46,82.5,121.98,67.93,40.9,7.11,31.23,6.23,19.14,27.21,14.21,45.29,15.11,12.02,20.44,19.835,23.04,624.06,14.22,230.42,81.57,24.36,7.18,0.8639,39.76,8.55,75.84,58.53,126.0,45.76,103.01,34.75,75.01,100.0,71.17,11.31,8.0,9.63,62.33,31.79,47.8,13.5,49.9,29.65,17.17,5.85,44.41,17.37,40.6,39.71,,,,,,,,,
3,67.48,13.44,13.61,14.22,70.26,141.9,46.39,27.95,27.44,3.56,23.51,13.84,12.13,6.27,4.67,2.82,9.4,82.78,123.92,68.85,41.68,6.86,33.34,6.14,18.98,25.31,14.35,45.0,16.88,12.07,22.24,20.45,23.9,633.22,15.43,222.94,77.3,23.42,6.88,0.794,38.53,8.85,77.31,58.43,121.35,45.35,102.26,35.14,76.1,101.31,72.24,10.87,7.65,9.83,61.45,34.3,49.44,15.45,52.72,28.92,16.91,5.95,44.99,18.26,40.2,40.93,,,,,,,,,
4,69.47,14.08,14.285,14.7,70.16,142.16,46.78,28.39,26.56,3.47,23.33,13.85,12.23,6.21,8.27,2.76,8.89,80.29,122.3,66.23,40.18,7.26,35.1,5.85,18.52,24.13,15.22,45.18,17.02,11.51,19.37,21.53,23.25,660.93,18.1,222.0,78.23,23.33,6.775,0.7815,40.11,8.94,75.39,54.56,122.59,45.85,105.92,34.48,77.59,101.29,75.0,11.1,7.9,9.16,61.95,34.39,50.11,15.0,52.83,28.57,16.95,6.0,45.21,18.15,39.55,40.72,,,,,,,,,
5,69.4,14.07,14.15,14.0,69.63,144.25,47.37,29.14,26.76,3.53,22.98,13.88,12.15,6.64,6.71,2.86,8.65,80.76,126.49,66.11,40.68,8.63,35.95,5.67,19.12,23.89,14.18,44.88,16.95,12.74,20.53,19.785,24.39,657.1,16.59,226.8,80.6,23.67,6.86,0.81,41.61,8.63,76.99,52.62,124.78,46.28,105.67,34.35,76.74,100.68,74.24,10.49,7.73,9.1,63.05,34.02,50.78,15.6,51.04,28.69,16.68,5.95,47.34,17.83,40.4,43.05,,,,,,,,,
6,66.33,14.82,14.15,13.91,68.02,142.86,45.76,28.57,27.66,3.53,21.56,13.78,12.93,6.47,5.94,2.74,8.62,80.76,126.95,66.39,41.59,9.0,35.34,5.805,19.68,23.24,14.16,43.24,16.45,13.14,19.59,19.75,21.62,651.62,16.65,234.03,61.38,23.08,6.41,0.8109,40.0,9.22,74.57,55.63,122.83,46.02,109.99,34.6,69.51,103.78,74.33,10.96,7.62,10.66,61.32,33.96,50.35,14.55,51.19,29.59,17.31,6.25,49.16,18.29,41.85,43.78,,,,,,,,,
7,66.53,14.55,14.01,12.96,69.46,153.54,47.41,32.6,25.23,3.44,23.01,13.84,12.89,6.72,6.9,3.47,8.48,83.57,127.7,66.33,41.93,9.16,38.78,4.96,19.92,21.15,15.02,41.29,15.81,12.85,19.99,20.26,19.6,658.31,16.75,261.14,61.21,23.29,6.12,0.99,39.42,9.12,81.6,55.29,107.14,48.2,108.66,35.37,67.78,105.08,76.66,11.13,7.6,10.12,61.63,34.44,50.37,15.1,50.68,30.35,16.89,5.5,50.44,18.26,43.35,,,,,,,,,,
8,68.1,14.47,12.66,13.39,70.88,155.63,48.08,32.93,25.78,3.54,24.24,13.85,13.13,6.95,7.12,4.07,8.47,81.27,124.41,63.72,40.27,8.81,36.82,5.31,18.47,18.86,15.2,38.5,15.0,12.67,19.93,20.05,21.89,680.6,18.07,250.6,59.32,22.52,6.83,0.9929,37.28,9.38,82.02,51.31,103.48,50.17,109.85,36.17,71.97,103.77,76.74,11.57,7.98,9.7,62.23,33.65,48.38,15.35,51.79,30.06,16.38,5.6,51.05,18.87,43.95,,,,,,,,,,
9,69.56,14.17,12.29,14.12,72.48,157.31,49.75,33.74,24.15,3.58,25.16,13.83,13.89,6.35,7.29,4.41,8.62,84.21,125.55,64.75,39.43,8.38,37.01,5.49,19.71,17.74,13.54,39.51,15.35,12.35,19.89,18.405,20.71,114.77,20.15,233.64,58.31,22.49,6.85,0.9794,37.85,9.47,84.97,51.74,101.45,44.0,105.68,37.44,76.96,101.98,79.06,11.57,8.11,10.5,63.07,34.01,48.76,15.2,52.01,30.01,17.03,6.25,49.72,18.67,43.85,,,,,,,,,,
10,66.23,14.69,13.14,14.74,72.49,154.47,50.59,41.08,25.42,3.91,25.51,13.84,14.25,6.21,7.32,4.77,8.27,84.47,123.64,64.07,38.43,8.49,36.93,5.48,20.77,18.73,12.54,41.57,15.88,12.66,20.25,18.76,19.17,109.34,20.11,228.44,51.87,21.23,7.2,1.05,36.96,9.76,97.04,50.46,103.83,42.07,93.74,33.59,76.46,102.96,81.6,12.01,7.65,10.21,62.61,34.74,49.08,16.55,50.5,30.63,17.89,6.2,50.79,19.03,45.2,,,,,,,,,,
11,65.0,14.13,15.9,15.68,72.67,156.02,51.07,39.77,25.61,4.05,25.89,13.86,14.46,5.76,5.37,4.95,8.66,85.43,126.25,65.15,36.16,6.79,36.21,5.91,22.14,17.85,13.35,42.99,16.98,11.91,20.22,20.475,19.56,114.31,21.21,240.21,54.42,20.43,8.21,1.22,38.86,10.1,100.59,51.47,98.59,42.18,92.72,33.72,70.73,104.96,78.49,11.75,8.2,9.67,63.86,36.56,48.16,15.4,49.79,30.25,18.09,6.2,52.26,19.56,45.7,,,,,,,,,,
12,65.63,13.33,16.09,15.7,72.6,157.74,50.62,39.51,26.03,4.12,25.67,31.3,14.33,5.52,4.5,6.48,8.49,86.23,118.91,59.92,36.64,6.71,36.79,5.73,22.69,17.7,13.76,43.5,16.79,12.2,21.92,21.975,19.64,123.52,17.6,231.18,50.27,20.38,8.11,1.23,40.26,10.1,95.98,51.34,100.71,41.62,90.52,33.75,69.68,104.18,68.42,11.61,8.95,10.37,70.12,37.07,50.14,14.8,50.39,30.32,19.12,6.3,52.06,18.76,44.95,,,,,,,,,,
13,64.67,12.16,13.59,14.63,73.68,159.95,50.96,39.76,25.31,4.08,25.39,31.3,14.54,5.96,3.72,5.96,8.4,85.63,119.33,60.43,36.94,7.16,39.19,5.26,23.02,16.59,13.2,42.87,17.5,11.8,22.59,22.62,21.0,123.39,17.44,206.67,33.69,20.95,7.45,1.36,39.66,9.86,98.79,51.32,103.32,41.31,95.22,33.34,67.27,100.1,67.29,11.86,9.05,11.21,72.84,37.64,50.02,13.8,52.15,30.2,18.86,6.15,50.92,18.76,45.5,,,,,,,,,,
14,63.97,11.97,14.83,15.02,75.57,161.3,46.86,39.17,25.27,3.89,24.81,31.3,15.28,5.93,4.29,6.22,8.6,86.4,123.72,61.19,39.17,8.4,38.72,5.53,23.02,16.91,12.29,43.42,16.69,12.83,22.86,23.655,19.6,103.96,16.73,192.85,35.01,20.17,7.75,1.38,40.01,10.26,100.16,52.02,101.78,41.43,100.35,34.41,69.11,101.96,66.05,11.74,8.75,11.66,74.95,38.49,50.03,13.3,51.53,29.69,18.71,6.3,51.42,19.18,46.95,,,,,,,,,,
15,65.21,11.62,13.38,14.73,75.93,161.55,46.27,38.15,24.66,3.86,24.43,31.3,15.11,7.16,4.09,6.36,8.39,86.55,122.8,60.97,39.18,8.69,38.31,5.345,23.12,13.12,13.67,42.79,16.54,12.005,21.48,24.18,19.56,117.63,17.8,197.51,36.55,21.09,7.77,1.36,40.06,10.38,101.64,56.55,109.0,39.55,97.92,34.32,70.49,102.53,66.79,12.63,8.9,13.35,75.04,37.9,51.27,14.0,52.73,28.88,19.31,6.25,50.94,19.59,46.05,,,,,,,,,,
16,65.03,11.9,13.45,15.55,77.2,164.74,48.26,39.88,25.88,3.73,24.46,31.3,15.2,7.45,4.35,7.48,8.53,88.49,128.68,63.53,38.88,8.03,38.57,4.87,24.0,12.21,13.44,43.2,17.02,12.17,21.16,23.76,18.81,98.79,19.62,195.95,33.23,20.41,7.95,1.36,39.57,10.51,93.2,57.43,109.46,39.97,98.83,34.14,72.27,103.31,66.56,12.38,10.1,15.42,78.6,37.61,49.87,13.8,52.0,29.39,18.62,5.8,51.02,19.49,45.05,,,,,,,,,,
17,65.0,12.05,14.03,15.69,77.04,167.75,48.71,40.56,25.2,3.91,24.57,31.3,14.96,7.16,4.39,7.24,8.51,88.18,132.1,64.75,39.06,7.2,39.34,3.84,24.63,10.0,15.44,40.64,17.14,11.74,20.41,23.59,20.73,97.51,20.2,202.08,28.98,21.09,7.62,1.27,38.12,9.85,93.13,58.79,111.91,36.13,95.33,33.81,67.8,103.41,66.44,12.4,10.05,15.01,75.53,38.58,50.79,13.9,52.93,29.12,18.2,5.8,50.75,20.95,45.05,,,,,,,,,,
18,66.59,11.84,14.5,15.84,78.64,165.72,45.96,41.48,25.69,4.33,25.11,31.3,15.4,7.23,4.15,7.13,8.67,89.38,134.91,65.24,41.03,7.47,38.37,3.81,24.25,13.63,16.33,43.23,16.61,12.05,20.78,21.91,22.68,102.62,20.97,205.02,27.41,21.21,7.93,1.36,38.58,9.59,94.55,61.69,110.49,35.62,93.4,34.11,70.56,101.98,70.5,12.54,10.8,14.73,74.48,38.55,48.87,14.3,52.12,28.75,18.84,6.2,50.11,21.55,44.9,,,,,,,,,,
19,66.56,12.64,15.2,16.15,79.11,167.71,46.2,42.49,24.52,5.0,25.79,31.3,15.51,7.08,4.8,6.68,8.41,88.55,132.23,63.9,39.74,7.86,37.46,4.04,24.36,12.82,17.33,43.83,16.74,11.83,21.07,21.56,18.19,102.24,16.57,206.25,27.43,22.37,8.59,1.38,39.08,9.68,92.78,61.28,106.08,38.26,95.89,34.85,68.28,105.63,73.65,11.9,10.65,14.74,72.72,38.94,50.54,13.3,53.32,30.28,17.41,5.85,51.16,22.3,44.2,,,,,,,,,,
20,67.16,13.28,15.92,16.22,78.59,160.12,48.68,39.05,26.73,5.18,25.93,31.3,15.39,7.206,4.73,6.39,9.02,87.7,126.67,64.36,39.85,8.04,36.6,4.13,23.69,12.49,17.57,42.73,16.72,11.77,21.7,19.82,17.76,106.11,15.33,210.0,26.7,22.36,8.41,1.33,38.69,9.44,86.85,62.08,104.66,42.25,96.68,35.93,70.48,108.27,72.64,12.41,10.5,15.77,71.55,38.22,50.02,13.05,53.48,30.41,17.24,5.7,49.37,22.52,43.95,,,,,,,,,,
21,68.03,12.94,15.25,15.07,79.99,161.55,48.65,39.14,28.18,5.16,26.16,31.3,16.66,8.28,4.52,6.0,8.56,85.9,129.12,65.16,38.45,8.2,36.0,4.28,23.56,11.07,18.4,41.15,17.11,12.28,22.41,20.65,20.33,113.33,14.48,220.9,30.33,23.77,7.49,1.13,36.55,8.74,87.7,60.35,108.65,44.43,98.78,36.35,68.61,109.66,73.85,12.2,10.35,15.48,73.37,38.38,49.24,12.65,54.03,31.43,17.45,6.2,49.29,23.32,43.45,,,,,,,,,,
22,69.99,12.7,14.455,16.31,82.77,152.83,46.77,37.22,27.17,5.44,25.85,31.3,16.09,8.98,4.23,6.23,8.62,85.2,130.52,64.05,41.46,9.24,36.97,4.07,23.55,10.63,17.89,40.69,16.4,11.99,22.71,19.26,19.85,98.99,16.31,221.06,28.96,22.84,6.92,1.01,34.96,9.57,86.21,63.77,112.77,46.26,98.66,36.52,69.6,109.19,73.98,11.96,10.5,15.31,73.44,39.7,48.56,11.5,53.33,31.45,17.2,6.15,48.6,23.69,45.6,,,,,,,,,,
23,68.56,12.59,14.62,17.04,82.51,157.73,48.41,39.88,26.21,5.83,26.27,31.3,15.03,8.82,5.03,5.35,8.42,85.16,130.89,65.2,43.76,9.87,38.22,4.34,24.01,11.12,17.4,41.7,16.6,12.59,22.17,19.11,20.56,100.04,15.97,213.06,34.93,23.31,6.72,1.08,35.21,9.7,83.07,64.44,115.13,45.53,104.21,38.49,70.16,108.92,73.1,11.73,10.65,14.9,73.56,40.95,50.94,11.35,52.43,31.99,17.26,6.5,48.56,23.68,44.65,,,,,,,,,,
24,69.86,12.85,15.17,17.81,82.83,158.67,49.5,38.81,25.1,5.49,26.22,31.3,14.75,8.93,5.42,5.17,8.84,82.83,126.75,63.27,43.08,9.75,42.14,3.325,24.08,11.51,17.49,38.01,15.75,13.3,22.49,19.97,18.18,108.38,16.5,189.09,38.13,23.32,6.96,1.01,33.94,9.57,91.07,65.54,115.02,45.76,107.48,38.97,70.05,108.66,73.15,11.34,11.1,13.97,71.82,41.54,50.66,10.85,54.25,30.98,16.85,6.25,49.92,24.41,44.8,,,,,,,,,,
25,67.75,13.66,15.42,17.85,83.0,162.24,53.84,38.42,25.4,5.375,25.59,31.3,15.5,8.69,5.38,6.92,9.17,84.6,127.11,61.97,44.54,9.09,42.92,2.65,23.87,12.41,16.66,40.42,16.84,13.95,21.59,19.19,18.93,114.06,18.11,178.99,46.09,22.81,6.76,0.8794,33.27,8.37,94.04,65.53,114.04,44.47,108.18,38.68,71.28,108.59,67.7,13.7,11.25,13.35,76.28,40.39,52.67,9.35,53.25,30.08,16.15,6.15,49.56,23.82,39.45,,,,,,,,,,
26,68.49,13.79,16.31,15.65,83.8,169.9,54.24,38.95,23.13,6.29,25.75,31.3,15.56,8.16,5.65,6.77,9.05,87.02,126.86,61.47,45.64,10.95,43.1,2.63,24.03,12.73,15.78,42.53,16.6,13.98,20.05,17.29,19.03,103.65,16.2,162.46,36.17,20.12,7.0,0.7733,32.6,8.51,93.23,65.59,114.23,45.07,109.36,38.34,73.04,108.17,72.35,14.3,11.1,13.16,76.73,41.18,52.78,8.75,51.88,29.07,15.7,6.2,51.83,23.91,42.1,,,,,,,,,,
27,67.79,13.15,15.98,15.12,82.58,166.84,50.02,38.02,22.97,6.26,26.33,31.3,15.21,8.63,5.9201,6.92,9.16,88.5,129.18,62.67,47.29,10.36,42.49,3.26,18.44,13.52,15.77,42.43,16.16,14.6,19.84,19.09,20.0,123.84,15.45,169.76,38.32,20.77,7.55,0.7835,34.49,8.32,94.61,64.2,118.18,45.4,106.94,38.8,74.18,107.45,71.75,15.53,10.95,13.75,75.46,42.42,52.82,7.5,51.61,29.39,15.83,6.3,50.74,24.3,41.7,,,,,,,,,,
28,67.53,12.74,16.42,13.45,80.77,168.13,50.08,39.82,22.57,6.26,26.22,,15.54,8.83,5.89,6.68,8.98,88.21,130.96,63.38,47.24,10.37,43.97,3.14,18.85,12.81,15.87,42.48,16.04,14.07,18.83,18.83,20.46,125.44,16.66,200.85,40.22,22.07,7.31,0.7699,35.08,8.49,102.9,66.48,115.95,47.6,107.73,38.51,72.79,107.87,73.5,15.4,11.05,13.53,75.11,43.58,52.7,7.95,51.76,30.06,15.89,6.2,52.47,25.05,40.8,,,,,,,,,,
29,67.91,13.81,16.7,13.23,82.51,168.07,51.7,38.9,23.88,6.95,26.34,,16.95,7.51,5.58,6.75,8.88,88.29,132.19,62.72,45.55,10.5,43.7,2.97,19.83,12.69,18.26,42.35,15.87,14.26,18.81,19.81,19.55,130.93,14.58,236.17,42.9,22.02,7.35,0.8199,34.75,9.09,100.27,65.8,115.2,47.12,103.13,37.16,70.45,104.05,70.7,16.7,10.95,12.26,74.16,42.69,54.71,7.65,50.54,29.69,15.58,6.05,54.24,23.65,42.5,,,,,,,,,,
30,68.21,14.96,17.4,13.38,82.13,165.65,48.76,37.36,23.96,6.99,26.42,,16.62,7.45,5.43,7.64,8.66,88.26,129.22,62.62,42.31,9.61,44.13,2.9,20.34,11.96,18.35,41.76,15.96,14.15,18.55,20.01,16.61,118.91,13.17,208.97,36.72,20.2,7.3,0.9027,35.14,8.88,101.23,64.49,114.32,46.36,114.92,37.59,70.79,105.28,72.55,15.81,11.8,12.47,76.66,43.5,53.77,8.0,51.31,30.3,16.29,5.9,52.11,23.95,43.35,,,,,,,,,,
31,67.99,13.75,16.795,13.2,80.13,159.31,45.95,35.3,24.98,6.85,24.63,,18.0,7.81,5.1,7.22,8.75,88.62,128.43,62.25,43.67,9.65,47.14,2.81,21.05,13.15,19.12,41.7,16.09,14.17,18.46,19.85,16.37,118.02,14.13,208.65,37.89,19.34,7.58,0.8349,34.48,8.93,99.42,65.14,104.78,47.5,112.71,38.45,73.11,107.34,70.75,14.62,11.05,12.26,76.71,44.58,51.5,7.95,50.28,30.0,16.05,5.95,53.29,23.51,41.55,,,,,,,,,,
32,68.75,13.2,15.38,12.6,81.79,54.01,45.25,37.97,24.98,6.92,25.24,,17.22,8.02,4.43,6.97,8.88,85.61,130.73,61.33,43.76,9.13,47.47,2.91,19.89,13.3,18.94,40.8,16.38,14.155,18.61,21.18,18.6,117.33,14.14,219.11,42.37,19.21,7.17,0.7597,34.35,8.76,106.67,62.87,102.81,48.6,113.05,38.83,73.98,108.77,70.65,14.39,11.4,12.45,83.67,44.83,52.33,7.35,52.8,30.01,15.72,6.3,52.7,23.59,41.35,,,,,,,,,,
33,68.96,13.53,16.82,12.26,80.8,55.36,49.24,38.49,24.69,7.04,25.88,,17.82,8.2,4.35,7.15,9.41,83.63,122.89,59.16,44.29,9.69,45.61,2.96,19.88,14.07,18.16,42.33,16.93,13.42,18.23,21.65,17.45,114.38,13.44,214.02,37.1,20.95,7.95,0.785,34.6,9.25,105.11,64.01,106.41,49.5,114.06,39.74,71.28,105.99,70.95,14.02,11.55,12.43,82.84,44.59,54.07,7.65,55.89,30.11,16.0,6.3,53.37,24.34,,,,,,,,,,,
34,70.23,13.38,16.98,11.44,84.32,55.51,50.95,40.04,24.79,7.03,25.79,,16.0,8.3,4.56,7.6,9.16,80.79,112.1,56.52,46.79,8.79,43.19,3.29,19.92,14.8,18.49,41.76,17.27,13.25,16.18,23.19,15.89,111.39,11.69,206.8,39.07,20.0,7.47,0.8011,35.37,9.03,106.15,65.74,111.84,48.89,117.63,38.45,78.42,106.83,70.7,13.57,12.2,11.72,81.97,45.54,53.81,8.05,56.02,29.87,15.75,6.5,49.79,23.91,,,,,,,,,,,
35,70.24,14.18,17.025,9.15,86.41,57.35,49.22,40.63,25.73,7.44,24.11,,16.88,7.96,4.44,8.48,9.14,83.39,117.71,59.09,43.2,8.23,40.25,3.46,19.15,14.72,19.04,40.38,17.34,14.88,15.03,24.25,13.0,104.04,11.29,178.94,34.43,19.63,7.54,0.8405,36.17,8.97,109.38,67.94,113.5,47.69,116.6,38.08,78.23,105.62,72.6,13.21,11.95,11.3,84.16,47.57,55.34,7.15,57.5,29.33,15.65,6.225,52.13,24.09,,,,,,,,,,,
36,69.78,13.75,16.36,8.01,85.31,56.82,49.0,40.39,26.88,7.48,24.49,,17.34,7.06,4.38,8.83,9.3,87.98,122.93,61.25,43.73,8.68,41.39,3.16,19.51,15.04,19.77,40.17,17.26,14.2,13.57,25.5,15.54,100.72,12.47,180.69,37.77,19.88,8.16,0.9257,37.44,8.89,96.15,67.72,113.45,44.9,113.72,35.98,78.39,107.07,70.95,12.7,11.6,11.03,85.19,48.36,54.98,7.35,58.01,28.62,14.94,6.05,53.57,24.49,,,,,,,,,,,
37,67.46,14.36,16.46,8.51,84.29,57.26,51.8,46.86,26.86,7.35,24.14,,17.81,6.47,4.34,9.3,9.69,91.05,116.92,61.71,44.91,8.31,41.56,3.05,19.17,16.5,20.05,39.36,16.45,14.46,13.88,26.39,16.17,91.84,11.34,178.96,28.94,20.32,8.07,0.8186,33.59,9.5,95.35,66.26,113.76,45.5,108.84,38.08,76.76,105.81,71.7,13.36,11.1,11.18,87.33,48.33,55.79,7.1,54.62,28.26,15.31,6.0,52.74,22.59,,,,,,,,,,,
38,68.56,13.68,16.64,8.54,84.34,56.75,49.23,45.55,26.2,7.32,24.17,,18.22,6.5,4.71,8.37,10.09,92.81,123.81,65.11,48.02,8.35,44.02,3.205,22.41,16.31,21.02,39.82,16.73,14.55,13.72,25.53,14.84,82.79,12.13,174.95,31.24,21.19,8.23,0.7227,33.72,9.4,94.11,68.35,114.25,46.55,108.43,36.74,78.52,103.19,72.45,14.25,10.85,10.62,88.31,47.06,52.16,6.55,58.71,28.62,14.79,5.9,51.45,20.92,,,,,,,,,,,
39,67.64,13.26,16.4993,8.9,80.18,56.6,48.39,45.75,26.59,5.67,24.05,,17.64,6.42,5.3,8.56,11.11,93.78,126.47,66.31,49.98,8.63,53.35,3.15,23.48,15.48,21.91,40.61,16.65,14.08,13.63,27.35,16.11,87.4,12.84,176.0,32.41,21.34,8.19,0.6701,33.75,9.32,93.17,68.0,114.75,50.4,110.06,38.37,78.98,101.31,73.4,14.02,10.5,10.52,86.96,47.35,50.11,6.5,58.89,27.26,14.44,5.95,50.5,21.7,,,,,,,,,,,
40,69.59,13.42,17.71,8.63,79.85,57.33,38.68,46.76,26.68,5.925,24.7,,17.28,6.61,3.72,8.01,10.73,95.9,130.22,68.61,50.32,9.34,51.44,2.91,23.5,15.71,21.89,40.57,16.43,13.52,12.51,27.89,16.35,89.23,13.64,194.67,31.72,21.31,8.7,0.6799,33.34,10.27,98.86,67.44,115.47,52.45,111.79,39.06,81.55,102.17,84.3,14.75,10.75,9.56,87.95,48.05,51.72,6.75,61.02,28.07,14.74,6.1,50.98,22.55,,,,,,,,,,,
41,69.36,13.55,18.94,8.1,79.73,55.79,35.31,44.92,27.0,6.01,24.7,,16.99,6.78,3.93,8.42,10.82,94.93,120.04,66.1,50.21,10.73,51.59,3.26,24.0,14.75,21.88,39.1,16.16,13.8,13.7,28.79,15.72,94.79,13.25,196.96,33.93,20.57,8.68,0.6978,34.41,10.1,99.35,67.64,117.05,51.2,109.9,37.92,85.37,100.6,82.0,14.05,10.75,9.03,91.3,48.12,54.28,6.85,62.56,29.29,15.8,5.8,50.97,23.46,,,,,,,,,,,
42,71.82,13.48,19.055,7.79,79.26,59.07,36.45,46.3,26.4,5.73,24.94,,17.95,7.07,3.82,8.285,11.05,96.69,117.98,66.67,48.62,11.78,49.45,3.35,24.4,14.99,21.78,39.1,16.64,13.0,13.24,27.36,16.64,101.58,14.38,208.92,38.08,21.27,8.34,0.6665,34.32,10.24,99.95,68.53,113.05,56.75,113.95,39.02,88.37,103.57,86.55,13.88,11.15,8.81,92.12,47.03,53.42,7.125,62.18,28.55,15.6,6.9,52.39,24.66,,,,,,,,,,,
43,72.56,14.41,19.13,8.555,80.32,61.0,37.22,46.45,26.59,5.94,22.51,,17.43,7.0,3.6,8.565,10.82,93.31,107.41,62.39,49.2,10.07,49.75,3.42,24.45,14.61,22.21,38.93,16.33,13.27,12.29,26.83,17.86,97.66,15.65,203.27,36.89,20.43,8.35,0.6553,34.14,10.54,97.63,63.1,117.3,57.35,115.97,40.09,85.95,105.87,88.8,14.25,10.95,8.62,89.3,47.99,52.96,7.35,61.4,29.73,16.87,6.95,56.48,23.7,,,,,,,,,,,
44,71.14,14.96,20.17,8.69,81.74,63.07,38.08,48.46,27.82,5.62,22.51,,17.65,6.7,2.93,8.53,11.01,96.02,119.26,66.78,50.26,10.4,50.0,3.64,25.0,14.06,20.92,37.78,16.65,13.9,13.02,27.04,17.61,101.12,14.09,198.01,38.52,21.48,8.38,0.5802,33.81,10.13,90.21,63.31,119.98,59.5,116.52,40.33,75.48,105.09,89.25,14.07,10.95,8.09,88.73,47.66,54.73,7.65,64.0,30.31,16.55,6.95,56.49,23.25,,,,,,,,,,,
45,72.46,14.41,19.38,8.79,80.2,62.16,35.97,48.69,27.84,5.86,22.51,,17.32,6.73,3.05,9.61,11.17,97.03,111.49,66.35,50.43,10.21,50.82,3.63,25.96,14.4,22.26,37.31,16.55,13.01,12.23,26.35,17.72,98.36,14.4,181.03,37.38,22.41,8.33,0.5221,34.11,10.11,90.77,64.65,121.22,57.0,115.82,40.12,74.61,104.63,86.4,14.2,11.45,8.23,90.44,47.46,56.08,7.65,63.24,30.49,16.35,6.95,58.0,23.41,,,,,,,,,,,
46,72.18,15.54,21.75,8.45,79.62,61.71,35.1,50.1,27.42,5.6,21.09,,17.62,7.51,3.08,8.66,10.25,94.68,110.85,66.98,53.19,10.51,51.04,3.69,20.23,13.74,22.98,36.24,15.87,12.51,13.92,24.65,18.69,105.7,16.21,183.6,34.87,23.34,8.81,0.5745,34.85,10.14,91.86,67.94,121.01,55.5,117.91,39.88,75.08,104.56,88.65,13.22,12.15,7.88,90.17,34.4,56.02,7.6,67.58,32.46,16.96,6.925,63.21,,,,,,,,,,,,
47,73.08,15.42,20.91,6.66,80.83,62.87,34.2,50.2,27.5,6.05,21.72,,16.62,7.86,2.98,8.32,10.56,93.57,109.78,68.29,50.5,10.09,52.26,3.36,22.11,13.36,22.75,34.83,15.6,12.69,16.21,23.3,15.73,103.81,16.72,173.21,34.43,22.84,8.89,0.5488,35.93,10.57,93.12,67.45,116.06,57.55,119.04,40.18,74.81,101.55,86.0,13.17,12.2,8.33,88.95,34.07,56.37,7.6,69.26,33.21,17.09,6.975,60.09,,,,,,,,,,,,
48,72.74,15.92,21.31,6.24,83.01,64.28,34.83,52.56,28.3,5.62,21.34,,16.49,7.9,3.01,8.05,10.73,93.29,107.94,66.89,48.58,8.35,52.89,3.18,21.94,12.45,22.34,34.32,15.24,13.25,16.1,24.5,17.36,111.51,16.32,189.99,35.94,22.47,9.1,0.5273,36.35,10.73,94.85,65.79,115.39,55.75,120.0,39.35,74.65,103.24,85.3,14.21,11.65,8.51,88.68,35.7,57.49,6.075,71.82,32.3,17.01,6.95,61.27,,,,,,,,,,,,
49,73.12,16.57,21.99,6.57,83.35,71.22,35.81,53.54,27.39,5.67,21.9,,16.35,6.515,2.67,8.07,10.97,93.56,109.83,69.74,47.19,7.09,53.48,2.96,21.09,11.44,21.53,31.88,14.7,14.02,15.51,25.48,17.92,95.9,17.81,197.57,41.62,23.07,9.16,0.5531,36.52,10.45,95.33,65.76,121.3,51.5,121.95,40.58,78.12,103.48,88.65,13.82,11.55,8.77,83.85,36.84,58.47,6.1,67.82,32.53,18.14,5.65,60.67,,,,,,,,,,,,
50,71.76,16.92,22.65,6.97,84.56,69.65,36.9,47.11,26.29,5.56,21.91,,13.07,6.38,2.87,7.89,10.99,93.09,107.74,70.51,46.82,6.67,52.64,2.93,21.58,11.61,21.63,33.38,14.63,14.06,15.46,18.1,17.72,90.03,17.16,196.27,43.39,23.72,8.98,0.671,38.49,10.83,95.97,66.95,120.43,50.8,129.08,39.58,75.84,105.11,91.35,13.67,12.0,9.48,83.15,37.98,62.2,6.2,60.02,30.7,17.47,5.55,61.1,,,,,,,,,,,,
51,71.85,17.01,22.86,6.68,85.85,69.58,34.37,49.18,24.79,5.53,21.53,,12.91,6.51,2.67,8.28,11.31,97.09,117.97,75.23,47.49,6.76,50.02,2.99,23.84,11.5,22.17,32.71,14.48,14.91,15.89,16.96,19.19,90.84,15.12,185.35,42.0,24.3,8.93,0.63,38.97,10.49,93.88,68.75,119.05,51.35,132.12,39.93,76.27,106.1,82.9,12.76,11.55,9.39,83.34,38.55,61.72,5.5,58.69,28.61,16.09,5.8,63.31,,,,,,,,,,,,
52,72.39,17.26,23.84,6.58,86.03,71.26,34.6,50.45,23.74,3.68,21.06,,13.41,6.98,2.91,8.66,11.38,98.26,145.23,79.87,47.6,6.83,54.81,3.01,24.11,10.94,22.04,32.96,14.32,14.58,15.01,18.2,19.34,87.88,17.28,175.34,40.04,24.06,8.52,0.6128,38.68,10.75,97.68,75.83,126.87,50.3,135.72,40.0,78.42,108.15,81.4,11.23,11.35,,83.99,39.91,62.27,5.5,60.86,28.91,16.66,5.9,64.38,,,,,,,,,,,,
53,72.31,16.52,23.64,6.1,85.74,71.0,34.15,47.19,23.44,4.09,21.34,,13.88,6.78,3.15,8.83,11.43,99.49,143.24,80.98,48.53,6.38,56.26,3.02,22.77,10.01,23.31,31.22,12.94,14.95,14.7,19.25,18.65,92.49,17.97,176.88,41.7,23.15,8.49,0.59,38.34,11.25,98.69,74.46,129.62,50.0,136.66,40.82,81.35,109.83,79.8,9.37,11.45,,83.68,40.54,62.03,6.2,59.04,28.74,16.24,5.925,62.91,,,,,,,,,,,,
54,72.75,16.1,23.54,7.49,84.46,71.38,34.28,48.75,24.05,3.96,21.78,,14.19,7.36,3.24,8.76,11.29,98.86,142.33,83.0,46.63,6.37,56.58,2.92,21.37,11.4,23.31,31.35,11.7,15.29,15.85,20.61,20.13,103.3,19.15,186.29,43.29,22.83,8.41,0.5753,38.8,12.06,100.07,76.12,130.75,49.95,139.78,41.24,80.69,110.56,76.4,9.43,10.9,,81.92,40.58,62.84,6.35,57.48,27.11,16.38,6.05,62.72,,,,,,,,,,,,
55,72.78,16.58,25.81,7.29,83.15,70.94,34.87,49.94,25.39,3.98,21.72,,13.23,7.33,3.08,8.79,11.37,97.77,140.69,84.75,46.71,6.18,57.65,2.76,21.28,10.11,23.22,30.32,12.09,15.14,13.54,20.1,19.99,99.59,19.53,182.53,41.0,23.38,7.61,0.56,38.51,11.65,98.82,74.5,138.8,48.2,139.14,42.23,80.05,109.59,76.65,9.32,10.35,,78.55,40.08,64.75,6.4,59.79,28.0,17.57,6.125,,,,,,,,,,,,,
56,70.59,16.29,28.1,7.4,80.93,72.36,31.92,48.54,23.75,4.11,21.9,,13.17,6.77,2.97,8.99,11.73,97.66,141.81,84.61,47.47,5.9,57.64,2.56,21.0,9.77,23.85,30.39,11.78,14.38,11.96,20.33,18.96,93.75,19.39,178.21,39.93,23.63,6.94,0.645,37.16,11.32,97.08,78.45,134.75,49.9,139.99,42.59,82.85,111.39,76.55,9.25,11.35,,83.86,39.52,65.75,6.15,59.21,27.21,17.43,6.0,,,,,,,,,,,,,
57,71.4,16.41,27.32,7.24,81.81,75.73,32.91,49.33,23.5,4.14,21.99,,13.19,6.6,2.86,7.54,11.5,98.53,138.5,84.05,48.64,6.13,54.38,2.29,20.71,9.82,24.51,29.02,12.2,14.77,11.89,19.9,19.77,94.45,17.82,167.49,41.59,24.69,7.45,0.5664,37.59,11.53,101.73,77.14,133.55,48.45,140.64,42.29,80.84,112.12,76.1,8.86,12.025,,82.88,39.07,66.36,6.9,58.06,25.64,15.82,6.15,,,,,,,,,,,,,
58,72.05,15.85,27.83,7.2,82.71,76.9,33.38,49.9,23.73,4.2,22.48,,13.4,6.82,2.66,8.23,11.8,96.74,141.73,84.17,51.98,5.66,54.0,1.95,18.78,10.0,23.49,27.1,12.78,15.22,13.38,20.75,19.95,88.44,18.44,172.77,42.53,24.47,7.84,0.5199,38.45,12.04,100.9,76.86,132.37,46.45,143.66,42.55,88.12,111.86,74.55,9.42,12.4,,78.78,39.24,65.98,6.6,58.67,25.15,15.53,6.2,,,,,,,,,,,,,
59,73.74,14.41,27.28,7.1,82.24,77.86,32.79,49.79,24.0,4.26,24.12,,13.37,6.53,2.64,8.68,11.94,96.61,137.36,84.31,51.2,5.58,53.25,1.88,19.22,9.71,23.82,28.22,12.03,15.38,13.4,19.26,17.5,96.67,20.64,182.8,46.73,24.53,8.11,0.459,38.83,12.01,101.37,75.04,136.9,45.75,143.34,42.75,85.94,111.61,71.0,9.15,12.15,,80.83,40.81,69.34,6.95,,,,,,,,,,,,,,,,,
60,73.81,14.37,29.03,7.45,83.5,77.0,37.19,52.76,23.98,4.42,24.07,,12.59,6.46,2.56,9.0,11.89,97.54,138.54,83.34,53.3,5.39,55.14,1.75,19.81,11.98,23.14,30.99,13.07,14.0,11.96,20.59,19.16,97.06,21.11,184.47,48.99,25.3,8.22,0.4242,39.74,11.36,100.09,75.06,143.33,48.35,141.05,42.42,83.92,112.68,71.8,8.68,13.35,,79.42,40.76,71.42,,,,,,,,,,,,,,,,,,
61,74.99,13.65,28.0,6.73,82.2,77.12,35.41,53.82,23.43,4.38,23.57,,12.7,6.32,2.61,8.82,11.58,95.87,140.24,81.93,52.44,6.06,58.84,1.81,19.93,10.63,23.1,28.59,12.62,14.28,10.58,20.36,19.28,98.39,21.84,197.99,54.07,24.77,8.45,0.39,38.45,10.48,100.15,77.27,142.0,53.25,142.27,43.3,86.81,113.43,71.55,8.92,14.35,,82.77,41.5,71.89,,,,,,,,,,,,,,,,,,
62,72.1,14.43,29.08,7.3,81.43,72.99,34.89,50.96,24.7,4.37,23.76,,13.38,6.17,2.67,8.95,11.83,94.63,138.53,83.47,50.57,5.26,56.63,1.56,19.07,10.53,22.94,29.72,12.95,14.6,10.88,19.28,19.27,85.89,21.03,193.67,54.09,24.82,8.53,5.46,38.08,10.4,98.3,78.64,141.26,54.3,143.65,45.15,86.86,113.28,72.4,9.05,14.65,,83.33,41.2,71.74,,,,,,,,,,,,,,,,,,
63,73.05,15.09,29.68,7.48,80.36,72.33,35.38,54.14,23.41,4.79,23.63,,13.99,6.02,2.65,8.43,11.51,95.05,147.83,88.33,53.04,4.98,58.5,1.92,20.59,10.04,22.88,31.6,16.52,13.78,12.82,20.28,19.28,91.25,22.22,180.67,43.46,25.36,8.1,5.51,35.98,10.4,102.7,80.0,140.75,53.8,148.96,45.04,87.93,113.22,75.2,9.23,15.9,,82.28,37.92,67.41,,,,,,,,,,,,,,,,,,
64,72.78,15.2,30.93,7.43,80.22,73.56,34.72,53.66,23.05,4.59,23.06,,8.41,6.22,2.49,8.79,11.26,95.92,154.89,90.47,49.92,4.98,60.96,1.65,25.63,10.36,22.55,32.26,18.04,12.63,11.62,20.25,12.65,97.03,23.11,207.67,45.49,25.89,7.95,5.37,38.08,10.8,121.75,79.02,141.35,53.3,156.1,42.63,84.49,112.91,84.25,8.41,15.8,,82.64,37.28,63.84,,,,,,,,,,,,,,,,,,
65,74.29,15.46,32.03,7.0,78.09,76.44,34.32,54.22,24.18,4.81,23.49,,9.41,6.9,2.43,6.86,11.1,97.12,155.32,91.99,52.54,4.7,63.99,1.61,24.33,9.25,23.5,30.52,16.95,12.535,10.58,22.02,12.47,96.59,22.68,199.85,45.65,25.43,8.8,6.58,36.74,11.7,124.7,81.19,142.37,51.25,152.96,43.0,84.57,113.69,82.4,7.82,16.3,,82.81,39.08,67.93,,,,,,,,,,,,,,,,,,
66,74.65,15.42,31.71,7.07,78.22,80.98,34.84,56.38,23.5,4.95,23.38,,9.56,6.96,2.61,6.78,11.29,96.88,152.3,91.58,53.45,4.59,56.5,1.44,26.47,8.98,23.99,31.75,17.08,12.15,10.52,23.22,12.9,95.87,22.13,196.37,45.07,25.01,8.7,6.65,38.37,12.4,128.5,80.99,141.36,49.75,153.61,43.35,85.27,117.91,80.0,8.18,16.5,,80.24,39.72,66.81,,,,,,,,,,,,,,,,,,
67,76.35,15.42,33.16,6.44,80.07,81.21,39.63,57.83,22.94,5.33,23.32,,9.09,6.66,2.58,6.51,11.18,93.83,149.01,89.93,50.43,4.7,53.46,1.24,26.5,10.24,24.4,32.16,17.02,12.53,10.76,23.17,10.98,97.58,22.07,199.76,46.51,25.3,9.05,6.5,39.06,12.0,129.9,81.32,144.5,51.8,155.45,45.03,85.97,117.67,80.35,8.09,17.15,,85.04,38.26,65.19,,,,,,,,,,,,,,,,,,
68,76.27,14.62,33.58,6.66,81.56,80.81,41.24,58.52,23.65,5.33,23.16,,8.63,6.41,2.72,6.67,11.07,93.23,148.1,89.12,50.41,4.53,47.29,1.36,25.5,9.6,22.96,31.33,16.25,12.85,10.94,23.27,11.62,97.38,21.97,199.72,49.89,25.19,8.95,5.35,37.92,11.3,131.85,79.96,144.48,56.65,148.98,44.67,85.63,115.94,81.6,8.2,17.5,,86.41,38.62,70.22,,,,,,,,,,,,,,,,,,
69,75.4,14.61,30.61,5.98,81.0,76.01,38.94,56.03,22.38,5.22,23.41,,7.92,6.26,2.74,6.68,11.02,93.7,147.89,88.89,52.24,4.41,48.96,1.91,23.72,8.69,23.05,28.79,15.14,12.91,12.6,21.75,11.45,96.5,21.7,193.81,47.5,25.62,9.95,5.68,39.02,11.85,125.3,79.49,145.01,46.35,142.27,44.32,85.76,116.86,81.3,8.31,17.25,,88.41,39.22,69.68,,,,,,,,,,,,,,,,,,
70,74.02,13.96,28.09,5.87,82.14,77.04,39.63,58.22,23.61,5.19,23.29,,8.59,6.68,2.69,6.98,10.8,92.86,148.25,89.29,51.75,4.44,47.8,1.8,23.96,7.87,22.37,27.08,15.16,12.635,13.19,19.94,11.45,99.48,25.09,198.6,45.59,24.67,9.925,5.8,40.09,12.2,125.15,80.99,137.9,46.9,146.35,46.13,85.4,116.96,81.25,8.22,17.4,,96.4,39.87,71.28,,,,,,,,,,,,,,,,,,
71,72.66,14.77,28.75,5.96,82.95,76.13,38.78,58.07,23.56,4.8,23.0,,8.39,6.91,2.6,6.82,10.65,92.78,144.88,86.48,50.46,3.32,45.01,1.57,24.48,8.87,22.85,28.98,15.45,12.21,13.39,19.95,10.33,95.94,26.17,195.73,48.92,24.95,10.4,5.36,40.33,12.3,124.3,79.18,141.58,46.95,144.02,45.38,89.25,115.49,83.6,8.95,17.0,,96.02,40.66,72.88,,,,,,,,,,,,,,,,,,
72,74.71,14.4,32.09,5.58,82.59,77.83,38.85,57.96,24.7,4.64,24.1,,8.43,6.84,2.57,6.6,9.98,93.4,144.0,85.37,49.08,3.24,48.12,1.59,23.91,8.51,22.77,28.59,14.15,13.56,13.81,20.29,10.24,98.55,24.73,201.07,49.04,25.33,9.6,4.22,40.12,13.05,124.5,81.32,134.36,48.3,144.18,45.08,90.61,115.51,88.0,8.77,17.3,,99.31,,,,,,,,,,,,,,,,,,,,
73,75.68,14.82,32.76,5.38,83.15,75.15,35.74,56.9,22.81,4.78,24.19,,7.92,7.04,2.32,6.57,9.42,92.58,152.9,90.36,51.33,3.255,51.0,1.51,22.07,7.19,23.7,25.74,14.49,13.87,14.35,21.61,9.96,104.82,23.78,186.06,49.97,25.23,10.7,4.95,39.88,12.75,123.6,82.62,132.08,46.2,149.04,45.17,90.9,114.93,92.8,7.47,18.9,,98.02,,,,,,,,,,,,,,,,,,,,
74,76.84,15.24,32.22,5.73,85.55,79.04,35.62,57.01,22.77,3.89,24.41,,7.3,7.19,2.28,6.66,9.21,93.02,156.53,91.67,50.06,4.06,44.55,1.38,21.59,6.37,18.28,24.52,14.29,13.75,14.56,21.46,8.83,101.47,20.81,188.15,49.26,29.65,10.9,4.9,40.18,11.75,123.2,81.86,139.05,45.3,150.27,45.01,92.77,116.63,93.05,7.9,19.6,,99.04,,,,,,,,,,,,,,,,,,,,
75,77.54,15.55,30.86,5.62,85.25,72.87,36.62,56.07,22.01,3.065,25.13,,7.22,6.69,2.38,6.57,8.74,88.27,157.83,89.79,52.12,2.96,43.24,1.34,22.36,6.29,17.99,24.26,15.07,13.91,15.87,21.99,8.37,127.5,20.83,184.44,49.51,30.38,10.05,4.59,39.35,11.2,122.5,83.03,142.66,41.95,149.5,44.12,91.69,116.61,95.05,8.22,19.8,,98.49,,,,,,,,,,,,,,,,,,,,
76,79.16,15.76,31.85,5.9,85.52,74.51,38.16,55.1,21.0,3.14,25.48,,6.98,6.68,2.38,6.69,8.73,89.47,156.82,91.02,50.07,2.81,42.78,1.32,22.29,7.36,18.14,26.55,14.94,13.4,17.93,18.83,8.58,126.57,20.6,183.08,48.04,30.38,10.35,4.4,40.58,11.0,130.2,88.75,140.84,42.25,156.39,39.25,90.01,116.37,96.3,7.63,18.55,,96.04,,,,,,,,,,,,,,,,,,,,
77,80.73,15.95,28.64,5.98,87.17,74.88,37.23,53.81,21.92,3.59,25.9,,7.76,6.96,2.59,6.89,8.33,89.3,167.58,94.51,48.52,3.25,46.57,1.23,20.95,7.01,18.63,29.52,13.68,13.22,16.92,19.21,7.67,122.03,17.85,167.16,43.68,29.61,9.9,4.45,39.58,10.15,126.45,90.01,144.28,41.85,157.48,38.2,86.32,116.51,100.45,8.02,18.2,,92.69,,,,,,,,,,,,,,,,,,,,
78,81.75,15.71,28.5,5.91,86.54,74.15,38.0,52.69,21.92,3.78,26.23,,8.67,7.21,2.4,7.63,9.12,89.76,175.03,97.77,48.35,3.28,42.1,1.04,19.99,5.97,18.83,29.89,13.89,13.07,17.41,20.4,9.35,114.78,21.6,186.79,59.0,31.87,9.8,4.03,39.93,10.35,126.7,88.01,143.47,41.7,157.5,37.42,86.27,117.6,106.2,7.98,20.55,,96.52,,,,,,,,,,,,,,,,,,,,
79,83.13,15.63,28.81,6.15,85.83,74.5,37.16,53.99,22.24,3.75,26.54,,7.99,7.93,2.29,6.56,8.595,85.22,161.64,91.66,50.99,3.09,42.24,0.89,25.32,6.88,18.88,30.14,13.85,13.12,18.28,20.32,9.24,115.21,22.25,190.0,57.76,30.67,9.4,5.26,40.0,10.5,127.45,89.24,147.58,43.85,159.86,37.91,86.13,115.85,114.45,8.4,21.25,,95.35,,,,,,,,,,,,,,,,,,,,
80,83.98,14.88,26.77,5.77,88.33,73.74,38.01,54.05,21.94,3.68,25.7,,7.75,7.68,1.92,6.04,8.55,85.06,165.5,92.42,51.96,3.03,42.25,1.05,25.98,7.3,18.53,29.82,14.21,13.31,18.46,20.74,8.6,117.41,22.7,197.26,59.73,31.56,8.85,4.63,40.82,10.55,125.35,89.35,152.64,42.8,164.05,38.5,86.26,115.84,113.8,8.78,19.65,,95.47,,,,,,,,,,,,,,,,,,,,
81,84.21,15.53,27.76,5.81,87.91,76.51,39.51,55.84,22.54,3.62,25.79,,7.67,8.07,1.76,5.93,8.85,81.76,166.46,95.31,51.39,2.9,43.56,1.06,25.81,8.29,18.83,31.6,14.67,13.21,19.31,19.74,8.95,120.81,21.8,192.78,55.99,31.42,8.3,4.72,41.24,10.2,122.3,89.48,145.63,39.5,158.63,38.8,86.11,115.04,114.55,9.08,20.2,,94.81,,,,,,,,,,,,,,,,,,,,
82,83.72,16.27,30.01,6.11,87.19,77.27,41.71,53.32,21.82,3.69,26.94,,7.35,8.4,1.72,5.66,8.94,83.58,171.48,99.13,48.91,2.59,38.92,0.9501,25.98,9.2,17.4,31.32,15.04,13.05,18.8,21.0,10.3,122.88,23.0,216.98,66.84,31.09,8.45,6.05,42.23,10.45,127.15,88.11,138.45,40.25,159.88,37.72,89.07,114.85,116.4,8.71,15.9,,94.55,,,,,,,,,,,,,,,,,,,,
83,86.46,16.91,29.42,6.49,89.1,78.51,42.77,54.81,21.53,3.485,26.48,,7.38,8.89,1.7,6.41,8.63,84.78,169.89,98.95,47.49,2.58,38.23,0.81,24.74,9.14,16.99,33.44,15.68,12.43,18.8,21.75,8.99,124.22,23.75,205.57,62.43,30.77,9.15,5.35,42.59,11.8,121.0,92.34,138.02,37.7,151.89,37.57,90.5,111.85,116.5,8.78,16.2,,84.25,,,,,,,,,,,,,,,,,,,,
84,88.53,16.98,28.53,6.25,88.76,73.79,43.04,55.65,20.86,3.44,27.17,,7.29,9.59,1.89,5.67,9.22,82.43,159.39,92.02,48.88,2.9,41.2,1.02,24.7,8.69,16.49,32.76,14.81,12.29,17.32,23.1,8.97,125.59,25.6,214.63,65.32,29.96,8.9,6.76,42.29,11.85,117.3,91.08,142.08,37.55,154.12,36.69,91.9,111.43,57.3,8.82,16.75,,84.22,,,,,,,,,,,,,,,,,,,,
85,86.61,16.49,30.42,6.51,90.02,75.52,43.23,57.59,20.83,3.62,27.62,,7.76,9.94,1.93,5.42,9.12,82.78,163.08,95.61,48.91,2.95,41.15,1.14,25.44,8.92,16.85,33.67,15.23,13.03,18.29,22.75,8.71,123.8,25.25,217.51,64.28,31.71,9.65,7.11,42.55,12.0,114.85,91.39,144.97,40.6,155.3,37.69,92.0,110.4,57.35,8.77,,,,,,,,,,,,,,,,,,,,,,,
86,88.76,16.64,29.63,7.53,89.85,72.91,41.29,54.7,20.92,3.57,26.74,,7.73,8.97,2.01,5.68,9.38,87.66,165.07,94.9,42.11,2.65,36.4,0.9273,25.74,9.39,16.59,33.14,15.08,13.87,17.65,19.79,9.67,131.07,26.9,209.68,64.44,31.89,10.025,6.44,42.75,12.3,112.35,93.25,147.4,37.95,156.99,36.28,87.83,112.62,58.25,9.87,,,,,,,,,,,,,,,,,,,,,,,
87,89.53,17.21,29.67,8.85,90.09,72.61,40.42,54.31,21.2,3.5,26.01,,8.02,8.8,2.32,5.72,9.47,84.32,151.44,91.42,40.91,2.22,42.35,0.8799,25.19,9.78,16.61,34.95,15.43,13.93,17.92,20.31,10.01,133.7,25.1,208.48,59.34,31.62,10.0,6.52,42.42,11.9,116.0,92.83,144.51,41.6,156.16,37.01,91.22,111.61,59.05,10.0,,,,,,,,,,,,,,,,,,,,,,,
88,86.67,18.22,29.77,9.69,91.55,77.88,38.05,53.21,21.96,3.05,25.27,,7.86,9.72,2.31,6.25,9.76,90.59,152.88,94.5,42.21,2.26,40.78,0.9301,26.48,10.84,17.19,36.59,15.75,13.82,17.19,20.7,9.19,138.6,23.45,203.26,59.17,32.04,10.2,7.73,43.3,12.25,118.0,91.67,149.17,33.9,163.05,37.24,92.82,110.6,60.7,9.56,,,,,,,,,,,,,,,,,,,,,,,
89,86.19,18.48,31.13,9.31,89.69,72.96,38.39,46.31,25.51,2.83,25.75,,9.03,9.85,2.31,6.61,10.1,91.94,155.15,96.58,42.15,2.18,38.53,0.88,26.04,9.8,18.01,35.63,13.67,14.12,18.2,22.43,9.11,142.45,26.0,206.29,48.59,31.66,10.6,6.95,45.15,12.45,126.35,88.54,145.99,33.5,172.5,39.56,92.53,110.22,61.6,9.37,,,,,,,,,,,,,,,,,,,,,,,
90,86.15,19.05,32.19,9.12,90.29,72.96,41.4,47.22,24.2,2.94,25.05,,8.28,9.28,2.41,7.22,10.1,92.62,154.98,102.15,39.53,1.99,35.89,1.15,22.25,8.35,17.51,33.59,13.62,14.16,18.75,23.07,8.31,140.25,26.75,202.98,49.31,31.91,10.5,6.19,45.04,12.4,122.9,88.18,142.74,36.15,174.67,38.97,88.79,112.75,59.95,9.53,,,,,,,,,,,,,,,,,,,,,,,
91,87.37,19.11,34.97,7.76,91.85,73.17,40.71,47.92,24.17,3.25,25.93,,7.91,9.81,2.76,6.49,9.86,89.41,153.43,99.18,39.7,2.04,35.6,1.05,21.99,8.11,17.51,32.9,13.27,13.16,19.15,25.11,8.42,144.82,25.8,200.05,50.93,30.66,10.05,6.26,42.63,12.05,121.45,85.09,142.06,37.6,170.15,39.96,88.15,114.68,57.3,9.82,,,,,,,,,,,,,,,,,,,,,,,
92,86.61,19.29,36.11,7.6,91.6,75.64,43.8,49.2,24.16,3.46,26.67,,7.93,9.07,1.84,6.01,10.26,93.54,160.87,105.7,39.97,2.03,39.29,1.15,22.01,8.1,17.3,32.57,12.22,12.63,20.41,25.63,9.485,142.22,26.1,191.99,53.68,31.64,9.95,6.41,43.0,12.3,127.2,85.18,144.54,39.15,174.97,40.87,92.08,115.9,63.05,8.67,,,,,,,,,,,,,,,,,,,,,,,
93,83.08,19.42,36.86,8.11,92.49,75.89,41.8,49.68,24.03,3.46,27.3,,7.94,9.42,1.9,6.31,10.38,93.2,161.0,103.99,42.24,2.18,42.95,1.02,23.69,9.07,17.18,33.44,12.99,12.73,19.59,22.45,9.0,143.25,25.3,200.79,53.89,29.4,10.05,6.73,43.35,12.15,124.8,84.63,151.61,40.9,171.05,40.85,93.1,116.78,66.75,9.63,,,,,,,,,,,,,,,,,,,,,,,
94,84.47,19.86,36.63,7.94,91.75,76.63,40.87,49.91,25.48,3.55,27.34,,7.88,9.77,2.12,6.2,10.51,94.32,155.27,99.54,45.38,2.27,40.71,0.95,24.34,9.12,17.95,33.56,12.74,12.88,19.22,24.46,9.81,139.14,28.75,203.39,53.23,30.54,10.5,6.53,45.03,12.25,123.5,85.08,151.0,40.45,169.37,42.69,91.79,116.57,67.35,8.66,,,,,,,,,,,,,,,,,,,,,,,
95,85.39,19.58,36.13,7.47,90.87,74.26,41.32,47.16,25.44,3.43,26.68,,7.95,9.92,2.08,5.88,9.85,91.46,142.09,94.28,46.22,1.71,28.29,0.9522,24.56,10.37,14.31,33.44,12.99,12.55,18.14,24.61,9.1,140.89,26.35,197.47,50.65,29.86,10.9,6.42,44.67,12.5,121.45,87.46,167.17,40.05,173.87,43.53,89.47,119.22,70.95,8.68,,,,,,,,,,,,,,,,,,,,,,,
96,82.58,19.47,38.11,7.19,93.79,73.58,39.88,47.21,25.9,3.27,26.7,,7.87,9.53,2.0,6.14,9.59,90.92,139.91,93.84,47.66,0.9027,30.5,1.05,24.97,10.42,13.12,32.92,12.77,13.03,17.06,24.3,8.4,145.11,28.9,202.74,52.25,28.76,11.35,6.36,44.32,11.65,124.55,89.44,170.34,40.9,175.01,43.37,87.14,118.6,71.2,8.93,,,,,,,,,,,,,,,,,,,,,,,
97,83.14,20.49,39.4,7.18,93.13,71.45,36.89,45.51,26.8,3.33,27.41,,7.79,9.04,2.22,6.3,9.68,94.13,142.33,96.82,46.35,1.15,29.85,1.17,23.68,10.06,13.52,30.44,12.64,13.25,18.3,23.56,7.28,142.02,29.95,189.42,48.55,30.31,10.75,6.82,46.13,11.9,125.05,88.92,173.08,39.85,169.23,42.75,88.2,119.92,68.45,9.01,,,,,,,,,,,,,,,,,,,,,,,
98,83.82,20.13,40.53,6.59,93.5,68.77,35.86,44.75,26.5,3.08,27.05,,7.74,8.5,2.3,6.18,9.44,92.68,136.58,94.97,47.45,1.04,30.58,1.52,24.39,10.58,14.26,30.9,12.83,13.17,19.53,24.4,7.35,147.81,31.3,199.41,51.78,31.28,11.05,6.99,45.38,11.6,127.4,89.17,173.75,39.1,175.0,43.98,88.91,118.67,68.6,,,,,,,,,,,,,,,,,,,,,,,,
99,85.84,20.56,40.54,5.97,94.65,64.09,33.32,40.35,27.25,3.24,25.66,,7.49,8.665,2.11,5.76,8.74,84.02,126.13,86.25,47.59,1.04,28.81,1.37,25.5,9.82,14.71,30.7,13.63,13.09,18.32,25.16,7.23,143.11,31.2,193.99,51.88,31.91,10.7,6.97,45.08,11.85,128.3,92.05,173.37,38.75,177.09,43.71,94.95,117.38,,,,,,,,,,,,,,,,,,,,,,,,,
100,87.45,20.41,40.96,4.47,91.51,64.96,32.55,43.0,27.94,2.5,25.73,,7.79,8.96,1.92,5.41,9.57,81.25,124.69,83.84,47.92,0.94,29.63,1.37,26.42,9.71,14.8,31.73,13.83,13.04,17.85,24.75,6.82,142.92,31.05,192.56,51.11,30.9,10.9,7.41,45.17,12.3,127.3,91.32,173.74,37.95,178.46,43.46,92.79,120.17,,,,,,,,,,,,,,,,,,,,,,,,,
101,85.97,18.94,38.6,4.68,94.6,64.31,31.69,44.9,27.88,2.42,25.39,,7.24,8.72,1.66,5.67,9.7,82.16,123.6,85.37,47.33,0.8741,31.11,1.03,26.55,9.33,14.89,31.06,13.62,12.48,17.81,26.46,7.31,142.87,32.15,206.47,53.04,30.21,11.05,7.27,45.01,12.25,126.65,93.51,174.94,36.75,171.51,43.38,92.39,121.76,,,,,,,,,,,,,,,,,,,,,,,,,
102,85.32,19.06,37.71,4.33,96.17,67.99,33.48,44.76,26.98,2.55,26.09,,7.01,7.92,1.82,5.98,9.57,90.07,125.58,88.2,45.31,0.7501,30.62,1.14,24.85,9.0,14.04,33.45,13.44,12.03,16.43,25.2,6.71,152.2,32.6,203.25,52.9,30.63,10.35,7.3,44.12,12.4,128.75,91.15,175.79,37.4,160.37,42.04,87.8,118.67,,,,,,,,,,,,,,,,,,,,,,,,,
103,85.98,18.94,38.95,4.07,96.8,67.9,29.5,45.19,26.19,2.54,26.38,,4.82,7.88,1.87,5.17,8.37,90.41,123.05,93.64,43.85,0.53,28.2,1.21,23.25,9.26,14.28,34.01,13.12,10.22,16.09,24.9,6.57,156.6,32.05,215.62,56.07,30.84,10.3,7.28,39.25,11.85,128.55,86.25,175.43,36.7,155.97,37.74,90.84,111.11,,,,,,,,,,,,,,,,,,,,,,,,,
104,84.09,20.08,38.75,4.57,97.72,66.13,28.9,46.79,26.22,2.51,25.95,,5.29,7.61,1.68,5.31,8.51,91.88,132.86,92.02,43.59,0.4901,28.08,1.16,22.66,9.57,13.5,33.52,13.25,10.25,17.11,24.42,5.87,160.81,33.25,213.43,79.0,32.27,10.2,7.33,38.2,11.7,123.0,84.96,174.88,38.65,172.43,39.29,92.72,111.06,,,,,,,,,,,,,,,,,,,,,,,,,
105,84.29,19.5,44.88,4.32,98.89,67.34,29.45,47.78,26.64,2.66,26.58,,4.59,7.91,1.67,5.67,8.32,95.86,135.98,94.88,44.31,0.4129,28.7,1.14,22.74,10.15,13.7,33.72,13.24,10.85,17.02,24.24,6.25,157.02,33.7,221.13,81.91,31.59,10.05,7.52,37.42,11.7,124.85,85.12,177.15,36.55,175.555,39.21,91.21,109.68,,,,,,,,,,,,,,,,,,,,,,,,,
106,82.7,19.35,46.99,4.63,100.1,58.87,28.85,45.4,26.56,2.62,26.51,,5.17,8.12,1.75,5.78,8.49,94.93,142.2,98.73,45.74,0.4396,32.29,1.12,21.9,9.86,13.68,34.15,12.78,11.19,18.21,23.71,6.72,162.43,35.75,217.9,79.55,30.99,10.3,11.1,37.91,12.0,131.65,84.23,178.34,34.85,176.21,38.21,89.06,109.04,,,,,,,,,,,,,,,,,,,,,,,,,
107,82.33,19.77,48.34,4.4,97.76,61.89,27.29,46.84,26.69,2.71,26.33,,5.02,7.97,2.02,6.08,9.09,97.73,147.85,101.76,45.71,0.478,32.51,1.16,22.39,10.14,13.32,33.95,13.1,10.47,19.85,23.86,6.92,165.18,40.05,219.9,78.93,31.47,11.25,11.18,38.5,11.75,127.55,86.21,177.07,36.35,179.98,39.57,93.0,112.54,,,,,,,,,,,,,,,,,,,,,,,,,
108,83.91,18.75,46.13,4.55,94.74,54.87,27.76,45.35,27.58,2.64,27.46,,5.1,7.62,2.11,6.19,8.88,98.17,156.58,104.13,46.92,0.58,31.32,1.18,22.27,10.25,14.44,32.75,12.97,11.11,19.99,24.46,6.18,158.03,38.85,231.3,82.16,32.23,9.85,18.29,38.8,11.85,129.85,87.61,172.4,37.8,178.02,38.46,92.65,111.64,,,,,,,,,,,,,,,,,,,,,,,,,
109,82.6,19.13,49.11,5.11,95.44,58.89,27.57,47.22,27.89,2.95,27.8,,4.82,7.77,2.04,5.26,8.93,101.32,156.83,105.42,46.2,0.4941,30.93,1.21,22.1,9.61,14.34,32.17,12.71,10.67,18.81,23.59,6.75,152.38,38.65,239.05,73.88,30.91,10.1,19.4,37.72,12.3,136.55,86.75,177.69,35.6,164.94,37.26,87.58,106.15,,,,,,,,,,,,,,,,,,,,,,,,,
110,82.21,18.52,46.78,4.86,97.05,60.31,28.22,48.65,27.41,2.92,27.81,,4.95,8.16,2.08,4.93,8.76,101.39,153.67,105.11,44.73,0.4749,30.38,1.29,21.71,10.0,14.41,33.26,12.72,10.54,18.97,23.67,7.1,158.03,44.15,249.87,73.16,31.08,9.95,19.57,37.57,12.55,139.35,89.77,176.66,37.15,168.34,37.63,88.98,107.64,,,,,,,,,,,,,,,,,,,,,,,,,
111,81.57,19.19,50.63,5.03,94.44,59.65,28.58,48.31,27.45,2.76,28.12,,4.71,7.96,2.02,4.88,9.25,103.44,162.05,107.21,46.42,0.448,24.22,1.16,21.93,12.16,14.71,35.14,12.55,10.21,18.41,23.37,8.66,149.41,43.1,257.14,74.91,30.45,10.3,19.65,36.69,13.0,142.2,89.19,191.39,,,,,,,,,,,,,,,,,,,,,,,,,,,,,,
112,84.31,18.62,48.04,5.7,96.82,57.09,28.19,43.01,26.72,2.59,29.9,,5.41,7.36,2.04,4.92,9.03,103.21,166.18,108.0,49.16,0.5481,26.6,1.29,21.5,12.6,14.36,34.95,12.15,10.69,18.37,23.24,8.64,150.18,43.15,241.8,76.44,30.84,11.35,21.23,37.69,13.8,143.5,89.71,189.14,,,,,,,,,,,,,,,,,,,,,,,,,,,,,,
113,85.75,19.43,52.525,5.55,97.29,55.68,26.88,39.49,26.8,2.3,30.27,,5.06,7.61,2.0,5.0,8.97,104.88,165.63,107.0,48.65,0.52,27.6,1.35,21.54,12.87,15.05,34.42,12.16,11.73,18.09,23.54,8.92,161.12,44.25,242.28,79.08,29.2,11.3,22.74,36.28,13.925,143.15,91.1,191.18,,,,,,,,,,,,,,,,,,,,,,,,,,,,,,
114,88.64,19.02,53.18,5.87,98.53,55.42,26.86,41.42,26.95,2.31,29.86,,4.95,7.34,2.11,5.48,8.89,104.66,170.6,108.89,48.69,0.5521,26.71,1.45,21.77,13.05,15.81,34.46,11.75,11.42,17.96,23.99,9.53,188.54,42.2,250.03,75.84,29.11,11.1,22.65,37.01,13.8,144.65,90.93,197.99,,,,,,,,,,,,,,,,,,,,,,,,,,,,,,
115,89.61,19.66,53.69,5.85,93.78,54.49,25.52,42.85,26.62,2.17,29.28,,4.68,7.45,2.22,5.05,9.5,104.52,169.23,107.63,46.8,0.5856,25.95,1.36,20.43,11.95,16.08,32.98,12.67,11.72,18.16,23.24,9.39,184.04,41.0,248.43,74.78,29.14,12.7,23.0,37.24,13.45,130.0,93.82,186.11,,,,,,,,,,,,,,,,,,,,,,,,,,,,,,
116,89.88,18.97,51.87,5.38,96.71,57.21,25.78,46.34,28.1,2.32,29.68,,4.73,6.48,2.06,5.47,9.4,104.19,177.91,114.43,46.8,0.742,26.31,1.5,19.0,11.6,16.71,32.3,12.26,11.64,17.52,23.82,8.61,180.27,41.05,271.12,76.87,29.27,10.45,23.79,39.56,13.45,124.8,95.24,186.63,,,,,,,,,,,,,,,,,,,,,,,,,,,,,,
117,93.6,19.03,55.16,5.09,99.13,59.31,26.08,46.7,27.07,2.83,29.35,,4.68,6.52,1.92,5.15,9.32,102.98,184.75,115.64,46.75,0.715,26.09,1.59,22.05,12.58,16.65,38.4,13.73,11.89,17.21,23.7,8.0,171.4,41.4,273.3,75.43,28.1,10.95,30.44,38.97,12.7,125.2,89.16,189.57,,,,,,,,,,,,,,,,,,,,,,,,,,,,,,
118,93.7,18.54,56.1,4.96,99.06,62.55,25.79,47.09,27.05,2.93,29.31,,5.06,7.0,1.79,5.07,10.27,103.14,187.18,115.75,46.5,0.8168,27.47,1.47,22.31,13.62,15.3,38.25,14.22,12.39,16.87,25.86,9.4,166.54,43.2,261.83,73.0,29.36,11.4,22.9,39.96,12.55,128.05,91.03,189.13,,,,,,,,,,,,,,,,,,,,,,,,,,,,,,
119,93.17,17.75,57.23,4.7,98.98,62.13,24.74,48.79,26.84,2.85,27.985,,4.97,6.82,1.68,5.26,10.1,105.34,191.83,118.12,46.32,0.6481,30.0,1.59,22.42,14.29,16.39,39.6,14.08,12.05,14.05,25.66,10.04,165.95,43.95,267.68,72.47,30.54,12.05,28.33,40.87,13.2,131.0,90.15,182.3,,,,,,,,,,,,,,,,,,,,,,,,,,,,,,
120,95.83,17.93,60.05,4.66,96.17,58.98,20.17,46.8,26.85,2.8,27.46,,4.59,7.43,1.82,5.26,10.24,107.21,186.73,115.7,46.56,0.5927,31.81,1.69,22.13,17.05,18.14,39.45,13.55,12.13,14.05,25.03,11.61,174.74,47.4,275.48,77.31,32.18,12.55,31.14,40.85,12.85,133.5,86.29,190.32,,,,,,,,,,,,,,,,,,,,,,,,,,,,,,
121,93.25,17.5,56.79,4.58,94.32,56.38,20.91,47.19,27.03,3.13,26.76,,3.81,7.4,1.91,5.29,10.54,108.09,185.54,115.49,45.18,0.545,29.9,1.69,22.91,16.62,18.78,39.3,14.95,11.86,12.91,24.5,11.57,176.42,48.6,261.75,77.92,32.44,12.25,32.5,42.69,13.0,134.7,89.63,190.73,,,,,,,,,,,,,,,,,,,,,,,,,,,,,,
122,92.96,17.99,58.4,4.61,95.34,57.6,21.87,47.88,27.79,3.3,26.84,,3.52,7.54,1.8,5.07,10.13,106.24,182.74,113.99,44.34,0.58,32.46,1.63,23.46,15.74,19.16,39.65,15.37,12.02,13.16,25.05,12.15,182.1,49.05,269.42,78.98,32.16,11.225,31.88,43.53,12.95,134.1,89.48,182.86,,,,,,,,,,,,,,,,,,,,,,,,,,,,,,
123,93.28,17.36,59.04,5.11,95.95,57.01,21.72,47.44,28.14,3.395,26.41,,3.93,6.9,1.75,5.16,10.11,101.69,187.92,118.6,43.11,0.6496,31.06,1.88,22.59,16.31,18.79,40.65,14.77,11.98,12.12,25.79,12.49,187.35,39.0,273.21,79.68,32.82,11.6,33.24,43.37,12.7,132.35,83.86,185.07,,,,,,,,,,,,,,,,,,,,,,,,,,,,,,
124,91.49,18.16,61.73,5.605,95.69,56.58,22.22,47.87,27.07,3.27,26.18,,3.73,7.48,1.71,5.39,10.14,104.81,189.13,119.88,42.34,0.6221,30.66,1.69,20.7,16.4,17.63,39.7,14.52,12.68,12.71,25.88,14.05,181.35,40.0,280.17,82.89,31.55,11.8,35.6,42.75,12.5,137.15,85.0,,,,,,,,,,,,,,,,,,,,,,,,,,,,,,,
125,89.28,17.22,60.26,5.24,96.2,55.78,21.72,49.14,27.03,3.47,23.0,,3.09,7.34,1.86,5.59,10.57,108.36,196.7,123.61,41.54,0.5829,29.88,1.55,21.27,18.18,17.56,42.15,14.9,12.46,12.2,26.34,13.92,198.02,42.4,286.96,84.32,31.09,12.05,34.36,43.98,12.55,137.35,,,,,,,,,,,,,,,,,,,,,,,,,,,,,,,,
126,89.97,18.06,59.49,5.55,95.81,57.24,22.11,48.72,26.89,3.625,23.78,,2.48,7.65,1.73,5.87,10.73,111.22,197.57,124.8,41.36,4.29,29.52,1.73,21.09,17.29,,44.2,14.56,12.07,11.48,26.33,13.93,199.49,41.35,282.95,82.88,29.47,12.7,33.71,43.71,13.05,139.5,,,,,,,,,,,,,,,,,,,,,,,,,,,,,,,,
127,88.83,18.01,59.14,5.25,95.17,56.64,22.86,47.92,25.24,3.57,24.32,,2.46,7.43,1.68,5.94,10.45,114.58,198.25,126.4,41.22,4.06,30.18,1.84,19.74,17.58,,42.95,14.31,11.82,11.05,26.05,13.52,194.16,41.85,284.0,81.91,30.36,12.6,33.58,43.46,13.05,141.6,,,,,,,,,,,,,,,,,,,,,,,,,,,,,,,,
128,88.27,17.07,56.99,5.36,95.56,56.65,22.51,54.81,28.67,3.59,24.63,,2.78,7.5,1.79,6.01,10.83,115.4,202.65,123.98,41.34,3.7,28.52,2.0,19.28,16.2,,45.4,13.89,11.97,11.79,24.2,14.11,199.54,41.25,299.0,83.35,30.48,12.8,33.39,43.38,13.0,146.8,,,,,,,,,,,,,,,,,,,,,,,,,,,,,,,,
129,85.63,17.03,61.96,5.02,96.55,55.7,21.9,52.69,28.37,3.59,24.28,,2.18,7.22,1.79,5.95,10.49,116.84,198.31,118.98,41.4,3.59,27.11,2.14,20.0,16.21,,44.6,12.55,12.38,9.63,23.53,14.46,200.01,42.05,280.79,75.53,32.02,12.2,31.93,42.04,12.45,143.95,,,,,,,,,,,,,,,,,,,,,,,,,,,,,,,,
130,88.11,17.03,68.14,4.93,98.22,57.1,21.42,54.02,28.24,3.91,24.99,,1.7,7.23,1.71,6.28,10.75,118.89,196.46,118.92,41.25,3.94,28.72,2.29,19.28,15.74,,45.15,12.71,12.32,9.01,23.36,16.76,192.02,37.25,283.35,74.78,30.83,11.675,25.46,37.74,12.325,150.15,,,,,,,,,,,,,,,,,,,,,,,,,,,,,,,,
131,87.01,17.25,68.89,5.03,96.26,57.12,20.82,54.82,27.45,3.76,23.76,,1.93,7.12,1.69,6.53,11.25,119.64,192.25,116.7,43.47,3.5,29.82,2.52,18.33,15.31,,44.5,12.58,11.9,,23.59,17.19,193.2,38.0,286.01,77.09,30.41,12.55,25.9,39.29,12.3,151.55,,,,,,,,,,,,,,,,,,,,,,,,,,,,,,,,
132,87.28,17.28,67.51,5.05,96.43,55.0,20.47,50.16,27.92,4.14,24.01,,2.18,7.45,1.67,6.64,12.06,119.63,188.28,116.08,44.28,3.3,28.94,2.61,19.17,14.62,,43.05,12.47,11.38,,25.02,17.51,195.75,39.5,288.46,76.4,30.5,12.4,26.16,39.21,12.4,150.35,,,,,,,,,,,,,,,,,,,,,,,,,,,,,,,,
133,86.44,18.03,66.28,5.26,93.05,54.35,22.45,50.79,26.79,4.34,24.27,,2.88,7.41,1.67,7.0,11.65,121.12,184.63,114.48,42.01,2.75,28.95,2.57,18.24,14.56,,45.0,12.4,11.96,,24.8,18.56,186.82,37.2,304.27,83.54,29.83,11.5,28.94,38.21,12.15,156.0,,,,,,,,,,,,,,,,,,,,,,,,,,,,,,,,
134,87.37,17.47,63.56,5.22,93.74,54.26,22.55,51.83,28.26,4.42,23.72,,2.8,7.84,1.51,6.83,11.32,115.78,175.0,107.87,44.83,2.97,32.74,2.78,17.17,13.44,,44.55,11.95,12.24,,27.59,18.41,188.54,38.15,319.28,79.73,29.92,11.6,23.19,39.57,12.85,157.45,,,,,,,,,,,,,,,,,,,,,,,,,,,,,,,,
135,87.54,18.24,63.35,5.35,94.86,53.52,22.34,45.7,28.8,3.99,22.53,,3.03,7.81,1.37,6.99,11.53,116.19,173.95,108.34,43.42,2.82,32.86,2.79,17.18,13.49,,44.95,12.18,12.47,,26.2,17.7,190.12,39.65,326.0,81.26,31.02,11.55,22.51,38.46,12.7,146.75,,,,,,,,,,,,,,,,,,,,,,,,,,,,,,,,
136,88.09,17.61,59.55,5.33,94.91,52.38,23.61,44.22,29.16,4.08,22.93,,2.67,7.77,1.44,7.32,12.04,117.81,181.29,112.05,42.56,2.64,32.67,2.51,16.73,12.41,,43.55,11.86,12.79,,26.58,18.39,189.94,38.85,325.03,80.96,31.32,11.3,21.47,37.26,11.9,148.95,,,,,,,,,,,,,,,,,,,,,,,,,,,,,,,,
137,88.49,16.23,54.0,5.19,94.66,52.43,21.12,41.67,28.86,4.14,23.77,,2.74,7.97,1.63,7.4,12.01,119.84,179.11,113.73,42.93,1.94,31.58,2.53,17.57,13.07,,45.2,11.72,12.76,,26.98,18.13,191.96,39.85,323.48,80.72,29.97,11.25,20.31,37.63,11.7,,,,,,,,,,,,,,,,,,,,,,,,,,,,,,,,,
138,88.24,14.93,49.02,4.78,95.55,49.25,21.82,40.0,30.35,4.08,24.0,,2.54,8.38,1.71,7.58,11.36,117.2,170.12,106.47,43.69,2.9332,32.68,2.47,18.05,13.67,,43.4,11.17,12.85,,27.92,18.46,209.99,41.5,329.01,85.62,29.56,,,,,,,,,,,,,,,,,,,,,,,,,,,,,,,,,,,,,
139,90.84,15.16,49.83,4.34,96.78,49.22,21.74,40.8,30.38,3.46,23.19,,2.64,8.52,1.67,7.49,10.48,115.89,173.38,109.77,44.46,2.79,32.51,2.32,17.87,12.83,,42.6,11.15,12.21,,27.99,20.54,221.23,44.15,340.99,83.99,28.76,,,,,,,,,,,,,,,,,,,,,,,,,,,,,,,,,,,,,
140,90.03,16.59,53.64,4.41,96.18,46.95,20.31,38.04,31.16,3.6,26.23,,2.99,9.43,1.56,7.86,10.4,113.06,179.73,111.53,43.85,2.76,32.26,2.31,18.31,11.79,,44.9,10.89,12.1,,28.57,20.49,220.46,46.9,346.5,85.45,29.45,,,,,,,,,,,,,,,,,,,,,,,,,,,,,,,,,,,,,
141,89.58,17.29,55.75,,96.35,46.99,20.09,36.54,30.11,3.7,26.5,,3.43,9.22,1.62,6.85,10.4,113.84,181.32,112.57,45.79,2.79,33.03,2.16,18.1,11.77,,48.25,10.91,12.51,,31.3,20.01,274.6,41.45,376.18,117.31,28.47,,,,,,,,,,,,,,,,,,,,,,,,,,,,,,,,,,,,,
142,88.51,17.01,57.67,,99.1,46.94,19.62,36.96,32.1,2.76,25.89,,3.81,9.58,1.58,6.8,10.8,114.02,192.33,116.75,45.14,2.44,32.44,2.105,18.08,6.75,,47.95,9.13,13.12,,33.28,24.99,267.43,39.15,319.13,112.18,28.57,,,,,,,,,,,,,,,,,,,,,,,,,,,,,,,,,,,,,
143,88.65,16.86,57.52,,99.23,47.72,19.02,38.97,30.25,2.59,23.62,,3.56,9.53,1.42,6.8,11.7,123.91,229.74,134.18,46.81,2.37,22.86,1.68,16.6,6.97,,48.05,9.32,12.68,,32.38,25.66,249.18,37.2,312.32,104.82,29.42,,,,,,,,,,,,,,,,,,,,,,,,,,,,,,,,,,,,,
144,88.33,16.83,59.75,,96.25,44.96,16.45,37.75,30.85,2.495,22.46,,3.62,8.93,1.47,6.25,12.4,123.96,219.67,128.2,46.46,2.61,,1.97,16.22,,,45.95,9.44,12.85,,32.65,25.95,278.52,38.35,321.91,111.28,29.61,,,,,,,,,,,,,,,,,,,,,,,,,,,,,,,,,,,,,
145,89.62,16.34,60.15,,93.53,44.94,19.18,42.05,31.13,2.72,24.54,,3.67,9.2,1.48,6.2,12.0,125.77,225.31,132.07,47.43,3.27,,2.02,16.63,,,46.1,9.28,12.94,,30.75,26.31,285.93,39.4,317.87,111.15,27.47,,,,,,,,,,,,,,,,,,,,,,,,,,,,,,,,,,,,,
146,89.5,16.42,63.08,,90.92,42.51,20.45,39.6,30.86,2.81,25.26,,3.51,9.19,1.44,6.15,11.3,125.2,223.25,127.06,49.9,3.85,,2.02,16.95,,,46.45,9.85,13.22,,29.85,25.69,301.05,39.65,324.54,111.63,28.14,,,,,,,,,,,,,,,,,,,,,,,,,,,,,,,,,,,,,
147,90.07,15.68,58.65,,91.62,42.7,19.5,39.27,30.63,3.09,25.26,,3.37,8.95,1.43,6.25,11.85,127.02,231.16,128.51,52.72,3.85,,2.2,16.94,,,46.25,10.74,13.05,,30.44,26.35,331.44,44.85,339.58,109.89,,,,,,,,,,,,,,,,,,,,,,,,,,,,,,,,,,,,,,
148,91.71,16.1,58.18,,93.05,41.81,21.14,38.05,29.32,3.03,24.65,,3.11,8.61,1.43,6.25,12.2,124.92,220.39,123.45,52.83,3.86,,1.96,16.52,,,45.55,10.48,13.7,,30.15,25.96,318.45,44.7,336.74,110.49,,,,,,,,,,,,,,,,,,,,,,,,,,,,,,,,,,,,,,
149,91.7,16.23,65.07,,93.47,40.78,21.97,36.14,29.32,3.0,24.39,,3.05,8.63,1.32,6.75,12.3,124.85,225.11,125.59,51.04,3.97,,1.9,16.97,,,44.5,10.24,13.73,,29.73,25.71,300.94,44.45,321.91,101.2,,,,,,,,,,,,,,,,,,,,,,,,,,,,,,,,,,,,,,
150,91.9,16.18,66.77,,94.16,41.52,20.35,36.63,28.23,3.03,24.14,,2.58,8.64,1.27,6.45,13.05,122.46,221.53,125.15,51.19,3.7,,1.87,16.91,,,46.25,10.27,14.23,,31.94,24.11,300.69,45.15,328.76,102.72,,,,,,,,,,,,,,,,,,,,,,,,,,,,,,,,,,,,,,
151,92.77,14.21,66.05,,99.47,46.62,20.83,41.39,28.38,3.11,25.07,,2.57,8.2,1.2,6.3,12.75,122.88,219.84,123.8,50.68,3.73,,1.72,16.71,,,46.4,10.09,14.39,,32.26,,,,,,,,,,,,,,,,,,,,,,,,,,,,,,,,,,,,,,,,,,,
152,92.25,13.08,61.07,,99.7,41.82,20.41,38.93,27.77,3.09,24.99,,2.76,8.35,1.25,6.2,11.75,123.39,220.67,124.4,51.79,3.48,,1.93,16.12,,,48.75,10.09,13.89,,33.58,,,,,,,,,,,,,,,,,,,,,,,,,,,,,,,,,,,,,,,,,,,
153,89.48,12.99,61.27,,102.43,43.77,20.64,40.96,28.09,3.21,25.82,,2.88,6.8,1.25,5.9,11.2,123.74,227.75,129.87,52.01,3.71,,1.86,15.62,,,48.7,10.01,14.08,,33.72,,,,,,,,,,,,,,,,,,,,,,,,,,,,,,,,,,,,,,,,,,,
154,89.2,13.42,57.31,,102.19,46.36,21.19,41.09,29.47,3.2,26.32,,2.86,6.55,1.18,6.05,11.0,128.86,239.78,134.36,50.5,4.17,,1.93,15.56,,,45.45,10.59,13.68,,28.77,,,,,,,,,,,,,,,,,,,,,,,,,,,,,,,,,,,,,,,,,,,
155,88.25,14.72,61.91,,99.72,47.42,22.62,42.28,26.62,3.51,25.52,,3.49,6.5,1.12,5.9,10.15,127.21,230.91,128.88,49.79,6.19,,1.83,15.26,,,44.7,10.48,12.94,,28.22,,,,,,,,,,,,,,,,,,,,,,,,,,,,,,,,,,,,,,,,,,,
156,88.44,15.4,62.3,,98.04,44.81,19.9,40.96,27.5,3.41,24.68,,3.57,6.95,0.94,5.95,10.35,128.0,230.32,122.6,50.39,5.85,,1.94,22.22,,,43.65,10.28,12.57,,29.2,,,,,,,,,,,,,,,,,,,,,,,,,,,,,,,,,,,,,,,,,,,
157,89.21,15.36,62.45,,100.1,45.74,24.37,43.27,27.16,3.38,25.11,,3.92,6.9,1.18,6.2,10.5,130.31,217.55,119.33,52.15,4.59,,1.83,23.2,,,42.8,10.07,13.26,,29.84,,,,,,,,,,,,,,,,,,,,,,,,,,,,,,,,,,,,,,,,,,,
158,88.6,15.05,60.62,,100.74,46.17,26.71,43.3,27.97,3.51,25.69,,4.62,7.1,1.11,5.95,10.55,131.68,210.05,117.82,51.53,4.01,,1.59,24.5,,,43.85,12.47,14.15,,30.85,,,,,,,,,,,,,,,,,,,,,,,,,,,,,,,,,,,,,,,,,,,
159,89.81,14.71,60.46,,101.06,44.95,26.28,42.23,29.1,3.7,26.4,,4.8,7.05,1.13,6.0,10.2,134.33,217.69,121.47,52.73,4.29,,1.62,24.39,,,45.15,13.38,14.14,,32.8,,,,,,,,,,,,,,,,,,,,,,,,,,,,,,,,,,,,,,,,,,,
160,88.98,14.97,58.23,,97.78,41.24,26.14,38.96,28.66,3.68,26.73,,4.88,7.35,1.07,5.35,10.45,134.02,212.81,118.75,52.0,4.11,,1.55,24.11,,,44.0,12.81,14.4,,32.74,,,,,,,,,,,,,,,,,,,,,,,,,,,,,,,,,,,,,,,,,,,
161,90.57,14.78,58.88,,97.9,40.66,25.3,37.33,28.76,3.52,26.1,,4.96,7.05,1.01,5.65,11.8,135.5,211.95,116.47,52.93,4.45,,1.63,24.44,,,46.85,13.11,14.65,,30.8,,,,,,,,,,,,,,,,,,,,,,,,,,,,,,,,,,,,,,,,,,,
162,95.64,15.5,56.805,,100.54,42.89,27.18,39.86,28.26,3.52,25.79,,4.89,5.05,1.2,5.8,11.85,132.77,207.24,112.74,52.12,4.62,,1.61,23.54,,,49.1,13.54,14.58,,30.86,,,,,,,,,,,,,,,,,,,,,,,,,,,,,,,,,,,,,,,,,,,
163,96.47,16.09,57.44,,99.92,42.08,27.0,39.04,29.61,3.29,25.34,,4.96,5.15,1.36,5.9,12.0,132.47,218.25,120.48,53.32,4.02,,1.8,23.68,,,48.55,14.27,14.55,,,,,,,,,,,,,,,,,,,,,,,,,,,,,,,,,,,,,,,,,,,,,
164,97.09,16.16,55.0,,97.21,38.03,25.53,34.81,29.15,3.45,27.77,,5.1,5.3,1.38,5.75,12.3,131.73,221.41,123.99,53.48,3.85,,1.7,23.96,,,49.35,15.12,15.35,,,,,,,,,,,,,,,,,,,,,,,,,,,,,,,,,,,,,,,,,,,,,
165,96.3,15.61,55.79,,93.93,36.01,25.55,34.23,29.53,3.54,28.64,,5.05,5.5,2.03,5.9,11.9,130.17,210.11,117.28,54.03,4.82,,1.69,23.99,,,50.4,14.72,16.03,,,,,,,,,,,,,,,,,,,,,,,,,,,,,,,,,,,,,,,,,,,,,
166,99.47,16.57,55.68,,95.85,37.02,25.84,33.67,30.23,3.64,28.97,,5.21,5.6,2.24,6.05,12.25,134.87,218.89,120.97,53.33,3.43,,1.7,24.19,,,51.0,15.43,15.24,,,,,,,,,,,,,,,,,,,,,,,,,,,,,,,,,,,,,,,,,,,,,
167,99.5,16.59,55.335,,99.3,38.64,26.24,32.93,29.75,3.88,29.11,,3.98,5.25,2.12,6.05,12.45,138.09,220.19,120.88,52.43,3.0,,1.77,23.69,,,47.9,15.0,15.34,,,,,,,,,,,,,,,,,,,,,,,,,,,,,,,,,,,,,,,,,,,,,
168,100.79,16.29,53.45,,97.32,40.72,24.42,33.42,30.54,3.89,29.06,,4.02,5.1,2.24,6.05,12.4,139.6,237.55,127.74,54.25,3.1025,,1.72,24.2,,,46.65,14.57,14.51,,,,,,,,,,,,,,,,,,,,,,,,,,,,,,,,,,,,,,,,,,,,,
169,100.12,16.61,56.29,,98.49,40.82,24.77,32.01,30.34,3.98,29.08,,4.21,5.25,2.29,6.5,12.05,137.38,230.54,128.25,53.25,2.47,,1.65,26.48,,,46.65,14.3,14.12,,,,,,,,,,,,,,,,,,,,,,,,,,,,,,,,,,,,,,,,,,,,,
170,99.71,16.43,54.27,,99.58,41.39,26.5,34.27,30.46,3.99,28.65,,4.37,5.15,2.07,7.65,12.3,137.0,228.39,125.95,51.88,2.62,,1.65,27.18,,,46.0,15.68,13.83,,,,,,,,,,,,,,,,,,,,,,,,,,,,,,,,,,,,,,,,,,,,,
171,101.62,16.07,51.0,,98.36,42.29,28.48,33.74,31.87,3.9,28.9,,4.36,5.5,1.895,7.25,12.15,140.37,227.76,126.43,51.61,2.96,,1.84,27.67,,,47.0,16.13,13.85,,,,,,,,,,,,,,,,,,,,,,,,,,,,,,,,,,,,,,,,,,,,,
172,98.86,16.29,51.26,,100.0,44.13,32.28,37.24,31.73,3.91,29.01,,4.12,5.35,1.9,7.35,12.25,143.61,226.55,126.26,51.76,3.02,,1.88,28.57,,,49.2,15.84,14.17,,,,,,,,,,,,,,,,,,,,,,,,,,,,,,,,,,,,,,,,,,,,,
173,99.47,16.55,50.43,,101.31,45.18,32.46,37.11,31.8,3.89,29.6,,4.22,5.2,1.93,7.7,12.5,144.8,234.82,130.33,50.54,2.97,,1.89,26.26,,,49.0,15.98,13.76,,,,,,,,,,,,,,,,,,,,,,,,,,,,,,,,,,,,,,,,,,,,,
174,104.41,16.57,48.91,,101.29,46.81,31.7,40.6,30.87,3.81,28.36,,3.88,5.75,2.04,7.6,11.65,148.63,230.33,129.38,51.31,3.0,,1.91,26.66,,,47.45,15.59,13.17,,,,,,,,,,,,,,,,,,,,,,,,,,,,,,,,,,,,,,,,,,,,,
175,105.65,17.29,46.3,,100.68,44.14,31.41,40.32,30.96,4.23,27.02,,4.04,5.4,2.23,7.7,11.9,145.78,228.27,132.23,50.28,2.94,,1.96,26.49,,,48.8,15.47,12.28,,,,,,,,,,,,,,,,,,,,,,,,,,,,,,,,,,,,,,,,,,,,,
176,103.87,16.08,44.31,,103.78,43.91,31.56,40.05,30.65,4.49,28.15,,3.81,5.5,2.25,7.75,11.6,143.25,222.58,126.68,52.8,3.15,,2.0,24.85,,,49.15,15.36,11.97,,,,,,,,,,,,,,,,,,,,,,,,,,,,,,,,,,,,,,,,,,,,,
177,106.62,16.01,42.4,,105.08,42.21,28.6,39.21,31.55,4.49,27.2,,3.94,5.25,2.04,7.7,11.85,146.06,227.9,128.17,55.89,3.02,,2.23,25.23,,,51.1,15.59,,,,,,,,,,,,,,,,,,,,,,,,,,,,,,,,,,,,,,,,,,,,,,
178,109.08,15.62,44.2,,103.77,44.28,28.51,40.2,31.74,4.59,27.33,,3.88,5.1,2.03,7.65,12.3,145.7,223.27,124.96,56.02,2.81,,2.08,24.86,,,52.2,15.37,,,,,,,,,,,,,,,,,,,,,,,,,,,,,,,,,,,,,,,,,,,,,,
179,108.4,15.3,40.58,,101.98,47.0,28.87,40.04,32.09,4.14,27.09,,3.8,5.1,2.08,7.65,12.25,147.29,224.67,126.19,57.5,2.83,,2.09,24.36,,,55.25,15.86,,,,,,,,,,,,,,,,,,,,,,,,,,,,,,,,,,,,,,,,,,,,,,
180,106.71,15.41,43.43,,102.96,48.81,26.73,48.85,34.82,4.06,27.09,,3.43,4.9,2.44,7.75,12.4,140.83,226.5,124.0,58.01,2.77,,2.06,24.0,,,54.7,16.03,,,,,,,,,,,,,,,,,,,,,,,,,,,,,,,,,,,,,,,,,,,,,,
181,106.93,15.77,42.19,,104.96,46.26,25.05,46.33,35.97,4.05,26.69,,3.6,4.75,2.3,7.65,11.85,142.88,214.42,121.84,54.62,2.83,,2.15,23.79,,,50.0,15.41,,,,,,,,,,,,,,,,,,,,,,,,,,,,,,,,,,,,,,,,,,,,,,
182,109.0,16.0,44.07,,104.18,45.38,24.04,45.16,35.37,4.31,26.36,,3.43,4.8,2.25,7.95,11.7,138.36,204.77,114.2,58.71,2.99,,2.09,24.17,,,44.45,15.63,,,,,,,,,,,,,,,,,,,,,,,,,,,,,,,,,,,,,,,,,,,,,,
183,108.94,14.79,42.28,,100.1,45.82,24.42,45.41,36.03,4.54,29.0,,3.98,4.35,2.06,8.35,11.7,135.67,200.54,113.97,58.89,2.98,,2.1,25.48,,,45.0,16.5,,,,,,,,,,,,,,,,,,,,,,,,,,,,,,,,,,,,,,,,,,,,,,
184,108.64,15.45,44.12,,101.96,48.14,20.19,45.99,35.84,4.57,29.78,,4.05,4.25,2.12,9.7,12.0,136.81,195.54,113.13,61.02,2.865,,2.21,24.99,,,46.6,16.65,,,,,,,,,,,,,,,,,,,,,,,,,,,,,,,,,,,,,,,,,,,,,,
185,108.69,14.77,42.27,,102.53,49.16,19.42,46.07,35.98,4.54,29.78,,4.05,4.25,2.16,10.45,11.75,137.72,211.56,121.2,62.56,2.71,,2.46,26.0,,,43.5,16.01,,,,,,,,,,,,,,,,,,,,,,,,,,,,,,,,,,,,,,,,,,,,,,
186,108.77,14.87,44.81,,103.31,50.83,18.75,45.56,35.7,4.28,28.76,,4.06,4.1,2.19,11.0,11.85,140.04,212.0,121.52,62.18,2.6,,2.46,26.75,,,46.7,15.98,,,,,,,,,,,,,,,,,,,,,,,,,,,,,,,,,,,,,,,,,,,,,,
187,111.89,14.59,44.75,,103.41,50.0,18.98,47.41,36.52,4.88,31.57,,4.16,3.9,2.13,11.15,12.3,145.64,199.2,113.21,61.4,2.38,,2.66,26.41,,,45.7,16.0,,,,,,,,,,,,,,,,,,,,,,,,,,,,,,,,,,,,,,,,,,,,,,
188,110.02,13.53,44.98,,101.98,45.5,17.77,45.88,37.08,5.03,31.33,,3.93,4.0,2.25,11.1,12.55,147.4,198.69,116.67,64.0,2.51,,2.54,25.97,,,44.2,14.77,,,,,,,,,,,,,,,,,,,,,,,,,,,,,,,,,,,,,,,,,,,,,,
189,110.2,14.06,45.56,,105.63,45.45,18.15,47.57,36.87,5.0,32.15,,4.12,4.0,2.57,11.55,13.0,147.96,206.23,119.6,63.24,2.4,,2.47,25.87,,,44.5,14.92,,,,,,,,,,,,,,,,,,,,,,,,,,,,,,,,,,,,,,,,,,,,,,
190,110.67,15.99,49.52,,108.27,45.79,19.09,48.66,35.26,5.03,31.93,,4.04,3.85,2.61,11.45,13.8,151.63,205.95,120.25,67.58,2.74,,2.38,,,,,,,,,,,,,,,,,,,,,,,,,,,,,,,,,,,,,,,,,,,,,,,,,,,
191,109.26,16.55,49.84,,109.66,48.56,19.18,48.69,35.4,5.28,31.53,,4.0,3.8,2.97,11.25,13.925,152.82,204.57,116.28,69.26,2.585,,2.19,,,,,,,,,,,,,,,,,,,,,,,,,,,,,,,,,,,,,,,,,,,,,,,,,,,
192,109.24,16.97,49.79,,109.19,47.68,20.12,48.95,35.35,5.35,32.25,,4.07,3.7,2.8,11.15,13.8,155.03,216.16,121.61,71.82,2.5,,2.14,,,,,,,,,,,,,,,,,,,,,,,,,,,,,,,,,,,,,,,,,,,,,,,,,,,
193,106.19,14.37,49.94,,108.92,47.85,20.71,55.09,39.9,5.34,28.18,,4.11,3.4,2.7,10.9,13.45,159.06,217.12,122.45,67.82,2.41,,2.25,,,,,,,,,,,,,,,,,,,,,,,,,,,,,,,,,,,,,,,,,,,,,,,,,,,
194,107.59,14.85,45.17,,108.66,46.89,21.22,53.84,40.35,5.49,28.45,,2.83,3.4,2.75,10.6,13.45,157.3,211.81,126.43,60.02,2.4,,2.25,,,,,,,,,,,,,,,,,,,,,,,,,,,,,,,,,,,,,,,,,,,,,,,,,,,
195,109.2,14.38,40.51,,108.59,47.49,21.9,52.96,43.3,5.55,27.9,,3.08,3.4,2.87,10.0,12.7,157.14,213.25,124.09,58.69,2.22,,2.31,,,,,,,,,,,,,,,,,,,,,,,,,,,,,,,,,,,,,,,,,,,,,,,,,,,
196,109.79,14.53,40.99,,108.17,49.26,22.55,54.56,44.75,5.71,28.81,,,3.5,2.55,9.8,12.55,157.14,207.72,123.04,60.86,2.39,,2.14,,,,,,,,,,,,,,,,,,,,,,,,,,,,,,,,,,,,,,,,,,,,,,,,,,,
197,107.66,14.91,38.95,,107.45,49.13,22.62,54.44,44.2,6.19,29.25,,,3.5,2.32,10.05,13.2,159.84,205.9,122.32,59.04,2.49,,2.24,,,,,,,,,,,,,,,,,,,,,,,,,,,,,,,,,,,,,,,,,,,,,,,,,,,
198,105.97,14.81,35.61,,107.87,48.77,17.02,54.78,43.45,6.44,28.98,,,3.45,2.39,10.1,12.85,164.87,202.65,121.21,57.48,2.9,,2.16,,,,,,,,,,,,,,,,,,,,,,,,,,,,,,,,,,,,,,,,,,,,,,,,,,,
199,104.96,14.29,34.46,,104.05,46.24,17.25,54.44,46.8,6.15,28.77,,,3.0,2.51,9.65,13.0,166.49,214.1,125.88,59.79,2.58,,,,,,,,,,,,,,,,,,,,,,,,,,,,,,,,,,,,,,,,,,,,,,,,,,,,,
200,106.75,13.64,34.94,,105.28,46.66,17.42,55.9,45.5,6.64,29.12,,,3.05,2.41,9.7,12.95,165.17,204.44,120.82,59.21,2.52,,,,,,,,,,,,,,,,,,,,,,,,,,,,,,,,,,,,,,,,,,,,,,,,,,,,,
201,107.12,14.65,36.95,,107.34,46.18,16.72,50.88,44.3,6.71,28.91,,,2.9,2.36,10.0,12.7,167.13,211.1,124.23,58.06,2.42,,,,,,,,,,,,,,,,,,,,,,,,,,,,,,,,,,,,,,,,,,,,,,,,,,,,,
202,106.12,13.69,36.29,,108.77,48.24,15.89,56.0,44.1,6.44,28.03,,,3.0,2.42,10.1,12.5,166.85,221.04,128.37,58.67,2.44,,,,,,,,,,,,,,,,,,,,,,,,,,,,,,,,,,,,,,,,,,,,,,,,,,,,,
203,107.67,13.48,30.69,,105.99,46.75,16.12,54.91,43.45,7.51,29.05,,,3.05,2.36,10.6,12.55,166.03,227.33,131.9,,,,,,,,,,,,,,,,,,,,,,,,,,,,,,,,,,,,,,,,,,,,,,,,,,,,,,,
204,110.44,12.97,25.23,,106.83,43.39,15.73,52.75,45.4,6.98,29.69,,,3.35,2.36,10.3,13.05,170.52,230.76,133.97,,,,,,,,,,,,,,,,,,,,,,,,,,,,,,,,,,,,,,,,,,,,,,,,,,,,,,,
205,110.36,13.18,26.08,,105.62,43.6,15.75,53.53,44.3,7.05,29.09,,,3.4,2.35,10.15,13.05,172.42,226.98,135.03,,,,,,,,,,,,,,,,,,,,,,,,,,,,,,,,,,,,,,,,,,,,,,,,,,,,,,,
206,111.94,13.92,26.27,,107.07,42.21,14.86,53.12,44.0,7.36,29.49,,,2.95,2.27,10.3,13.0,178.88,239.96,141.11,,,,,,,,,,,,,,,,,,,,,,,,,,,,,,,,,,,,,,,,,,,,,,,,,,,,,,,
207,118.21,13.76,25.9,,105.81,41.35,14.53,55.22,43.85,7.815,29.72,,,2.65,2.08,10.05,12.45,170.38,217.29,131.0,,,,,,,,,,,,,,,,,,,,,,,,,,,,,,,,,,,,,,,,,,,,,,,,,,,,,,,
208,117.62,13.94,25.99,,103.19,45.83,16.28,65.71,46.95,8.91,30.02,,,2.6,1.94,9.8,12.325,160.13,214.38,125.0,,,,,,,,,,,,,,,,,,,,,,,,,,,,,,,,,,,,,,,,,,,,,,,,,,,,,,,
209,113.97,13.88,29.05,,101.31,45.98,14.6,66.18,47.25,9.24,29.45,,,2.65,1.695,10.05,12.3,162.55,216.25,126.57,,,,,,,,,,,,,,,,,,,,,,,,,,,,,,,,,,,,,,,,,,,,,,,,,,,,,,,
210,111.69,14.43,24.72,,102.17,46.89,15.24,70.31,47.9,8.89,28.97,,,2.6,1.85,10.2,12.4,163.96,211.58,121.69,,,,,,,,,,,,,,,,,,,,,,,,,,,,,,,,,,,,,,,,,,,,,,,,,,,,,,,
211,109.6,15.74,28.52,,100.6,49.42,14.2,69.68,46.95,9.56,29.2,,,2.475,1.96,10.1,12.15,158.56,204.31,117.74,,,,,,,,,,,,,,,,,,,,,,,,,,,,,,,,,,,,,,,,,,,,,,,,,,,,,,,
212,109.84,16.47,27.47,,103.57,51.72,15.79,70.11,44.6,10.23,29.7,,,2.6,1.89,11.8,12.85,170.3,209.18,121.2,,,,,,,,,,,,,,,,,,,,,,,,,,,,,,,,,,,,,,,,,,,,,,,,,,,,,,,
213,113.46,17.16,28.99,,105.87,48.2,13.31,66.53,46.1,10.12,29.19,,,2.35,1.94,12.45,12.7,170.96,207.2,117.12,,,,,,,,,,,,,,,,,,,,,,,,,,,,,,,,,,,,,,,,,,,,,,,,,,,,,,,
214,116.24,16.74,27.05,,105.09,48.82,11.94,66.72,44.85,9.61,29.24,,,2.5,2.04,13.6,11.9,156.91,205.68,115.6,,,,,,,,,,,,,,,,,,,,,,,,,,,,,,,,,,,,,,,,,,,,,,,,,,,,,,,
215,116.93,17.08,26.39,,104.63,48.05,12.0,64.61,45.2,10.23,30.29,,,2.35,1.89,13.5,11.7,155.64,205.43,114.73,,,,,,,,,,,,,,,,,,,,,,,,,,,,,,,,,,,,,,,,,,,,,,,,,,,,,,,
216,120.52,16.86,24.7,,104.56,48.86,11.81,67.08,43.7,9.22,30.89,,,2.55,1.89,,,,,,,,,,,,,,,,,,,,,,,,,,,,,,,,,,,,,,,,,,,,,,,,,,,,,,,,,,,,
217,121.92,17.97,22.93,,101.55,49.76,11.88,69.0,43.0,9.31,31.56,,,2.5,,,,,,,,,,,,,,,,,,,,,,,,,,,,,,,,,,,,,,,,,,,,,,,,,,,,,,,,,,,,,
218,123.25,17.62,25.04,,103.24,50.26,11.9,69.65,44.55,9.48,31.69,,,2.35,,,,,,,,,,,,,,,,,,,,,,,,,,,,,,,,,,,,,,,,,,,,,,,,,,,,,,,,,,,,,
219,121.94,17.92,25.1,,103.48,51.44,11.36,72.55,45.2,9.55,31.78,,,2.65,,,,,,,,,,,,,,,,,,,,,,,,,,,,,,,,,,,,,,,,,,,,,,,,,,,,,,,,,,,,,
220,122.28,17.46,26.16,,105.11,48.65,11.69,68.64,43.3,9.03,32.14,,,2.55,,,,,,,,,,,,,,,,,,,,,,,,,,,,,,,,,,,,,,,,,,,,,,,,,,,,,,,,,,,,,
221,120.74,16.77,24.12,,106.1,50.96,12.55,67.69,43.3,8.87,31.45,,,2.3,,,,,,,,,,,,,,,,,,,,,,,,,,,,,,,,,,,,,,,,,,,,,,,,,,,,,,,,,,,,,
222,123.85,16.5,27.34,,108.15,48.37,12.2,68.16,43.05,8.63,32.23,,,2.4,,,,,,,,,,,,,,,,,,,,,,,,,,,,,,,,,,,,,,,,,,,,,,,,,,,,,,,,,,,,,
223,125.51,17.21,28.79,,109.83,47.72,11.98,66.17,43.4,10.68,32.52,,,2.15,,,,,,,,,,,,,,,,,,,,,,,,,,,,,,,,,,,,,,,,,,,,,,,,,,,,,,,,,,,,,
224,128.78,17.35,30.38,,110.56,46.52,12.24,70.92,45.9,10.84,33.1,,,2.45,,,,,,,,,,,,,,,,,,,,,,,,,,,,,,,,,,,,,,,,,,,,,,,,,,,,,,,,,,,,,
225,125.92,17.48,32.86,,109.59,46.0,11.98,68.11,46.5,11.51,33.46,,,2.35,,,,,,,,,,,,,,,,,,,,,,,,,,,,,,,,,,,,,,,,,,,,,,,,,,,,,,,,,,,,,
226,127.05,16.99,32.02,,111.39,46.99,12.0,70.28,46.15,11.27,33.7,,,2.2,,,,,,,,,,,,,,,,,,,,,,,,,,,,,,,,,,,,,,,,,,,,,,,,,,,,,,,,,,,,,
227,127.86,15.94,31.71,,112.12,45.65,11.31,67.85,46.25,11.23,37.31,,,2.05,,,,,,,,,,,,,,,,,,,,,,,,,,,,,,,,,,,,,,,,,,,,,,,,,,,,,,,,,,,,,
228,126.83,16.91,32.44,,111.86,48.42,11.93,68.59,47.25,11.71,37.29,,,2.05,,,,,,,,,,,,,,,,,,,,,,,,,,,,,,,,,,,,,,,,,,,,,,,,,,,,,,,,,,,,,
229,126.18,17.06,34.61,,111.61,48.64,10.62,69.36,47.65,11.89,38.17,,,,,,,,,,,,,,,,,,,,,,,,,,,,,,,,,,,,,,,,,,,,,,,,,,,,,,,,,,,,,,,,
230,126.86,17.89,36.25,,112.68,47.0,10.82,66.72,48.3,12.47,40.03,,,,,,,,,,,,,,,,,,,,,,,,,,,,,,,,,,,,,,,,,,,,,,,,,,,,,,,,,,,,,,,,
231,127.59,16.47,37.79,,113.43,48.66,11.68,70.74,49.3,12.14,40.74,,,,,,,,,,,,,,,,,,,,,,,,,,,,,,,,,,,,,,,,,,,,,,,,,,,,,,,,,,,,,,,,
232,129.05,16.54,36.73,,113.28,50.87,11.99,69.39,52.35,11.54,42.14,,,,,,,,,,,,,,,,,,,,,,,,,,,,,,,,,,,,,,,,,,,,,,,,,,,,,,,,,,,,,,,,
233,124.38,16.68,38.36,,113.22,49.98,12.52,67.59,54.3,12.03,42.54,,,,,,,,,,,,,,,,,,,,,,,,,,,,,,,,,,,,,,,,,,,,,,,,,,,,,,,,,,,,,,,,
234,127.54,15.91,36.38,,112.91,49.05,13.83,65.41,52.8,11.92,42.1,,,,,,,,,,,,,,,,,,,,,,,,,,,,,,,,,,,,,,,,,,,,,,,,,,,,,,,,,,,,,,,,
235,128.63,15.91,37.04,,113.69,49.11,12.46,64.44,52.5,11.24,42.15,,,,,,,,,,,,,,,,,,,,,,,,,,,,,,,,,,,,,,,,,,,,,,,,,,,,,,,,,,,,,,,,
236,127.82,15.89,35.65,,117.91,48.1,13.22,64.91,53.15,12.81,41.87,,,,,,,,,,,,,,,,,,,,,,,,,,,,,,,,,,,,,,,,,,,,,,,,,,,,,,,,,,,,,,,,
237,125.61,15.5,35.89,,117.67,48.59,13.42,65.23,55.0,13.71,42.32,,,,,,,,,,,,,,,,,,,,,,,,,,,,,,,,,,,,,,,,,,,,,,,,,,,,,,,,,,,,,,,,
238,126.45,15.14,36.17,,115.94,47.3,12.72,67.02,54.95,12.91,41.44,,,,,,,,,,,,,,,,,,,,,,,,,,,,,,,,,,,,,,,,,,,,,,,,,,,,,,,,,,,,,,,,
239,127.41,14.97,37.68,,116.86,47.45,12.53,67.73,56.05,12.56,41.3,,,,,,,,,,,,,,,,,,,,,,,,,,,,,,,,,,,,,,,,,,,,,,,,,,,,,,,,,,,,,,,,
240,126.56,16.15,37.49,,116.96,44.47,12.29,67.25,58.2,12.02,41.83,,,,,,,,,,,,,,,,,,,,,,,,,,,,,,,,,,,,,,,,,,,,,,,,,,,,,,,,,,,,,,,,
241,127.38,16.19,34.21,,115.49,46.43,12.44,68.88,60.9,12.55,42.68,,,,,,,,,,,,,,,,,,,,,,,,,,,,,,,,,,,,,,,,,,,,,,,,,,,,,,,,,,,,,,,,
242,128.53,15.8,32.56,,115.51,46.31,12.16,66.94,60.5,12.52,42.57,,,,,,,,,,,,,,,,,,,,,,,,,,,,,,,,,,,,,,,,,,,,,,,,,,,,,,,,,,,,,,,,
243,126.41,15.28,31.25,,114.93,46.17,8.89,68.43,61.25,13.43,43.61,,,,,,,,,,,,,,,,,,,,,,,,,,,,,,,,,,,,,,,,,,,,,,,,,,,,,,,,,,,,,,,,
244,122.45,16.4,31.38,,116.63,46.23,9.56,69.74,60.8,13.33,50.69,,,,,,,,,,,,,,,,,,,,,,,,,,,,,,,,,,,,,,,,,,,,,,,,,,,,,,,,,,,,,,,,
245,125.23,15.48,32.4,,116.61,41.3,9.83,68.02,59.6,13.8,51.65,,,,,,,,,,,,,,,,,,,,,,,,,,,,,,,,,,,,,,,,,,,,,,,,,,,,,,,,,,,,,,,,
246,130.46,16.69,37.73,,116.37,41.19,10.17,74.99,55.55,13.85,50.62,,,,,,,,,,,,,,,,,,,,,,,,,,,,,,,,,,,,,,,,,,,,,,,,,,,,,,,,,,,,,,,,
247,131.98,20.8,38.04,,116.51,38.83,9.81,73.97,56.2,14.3,48.34,,,,,,,,,,,,,,,,,,,,,,,,,,,,,,,,,,,,,,,,,,,,,,,,,,,,,,,,,,,,,,,,
248,128.83,21.06,38.48,,117.6,38.12,9.66,73.38,55.7,10.52,46.37,,,,,,,,,,,,,,,,,,,,,,,,,,,,,,,,,,,,,,,,,,,,,,,,,,,,,,,,,,,,,,,,
249,129.7,22.27,39.75,,115.85,38.41,12.34,72.13,57.05,12.05,47.76,,,,,,,,,,,,,,,,,,,,,,,,,,,,,,,,,,,,,,,,,,,,,,,,,,,,,,,,,,,,,,,,
250,129.92,22.51,38.46,,115.84,39.54,13.1,74.9,57.6,11.76,48.7,,,,,,,,,,,,,,,,,,,,,,,,,,,,,,,,,,,,,,,,,,,,,,,,,,,,,,,,,,,,,,,,
251,131.77,23.73,40.46,,115.04,39.48,13.52,74.45,56.35,11.34,46.42,,,,,,,,,,,,,,,,,,,,,,,,,,,,,,,,,,,,,,,,,,,,,,,,,,,,,,,,,,,,,,,,
252,132.37,22.61,38.33,,114.85,41.39,14.24,77.13,57.15,12.6,40.38,,,,,,,,,,,,,,,,,,,,,,,,,,,,,,,,,,,,,,,,,,,,,,,,,,,,,,,,,,,,,,,,
253,134.88,22.2,38.2,,111.85,42.63,14.26,79.72,57.15,12.68,41.1,,,,,,,,,,,,,,,,,,,,,,,,,,,,,,,,,,,,,,,,,,,,,,,,,,,,,,,,,,,,,,,,
254,137.16,21.78,36.68,,111.43,42.59,14.44,82.54,55.4,12.13,39.23,,,,,,,,,,,,,,,,,,,,,,,,,,,,,,,,,,,,,,,,,,,,,,,,,,,,,,,,,,,,,,,,
255,138.37,22.6,36.39,,110.4,43.32,14.43,84.24,57.15,11.56,38.59,,,,,,,,,,,,,,,,,,,,,,,,,,,,,,,,,,,,,,,,,,,,,,,,,,,,,,,,,,,,,,,,
256,136.58,20.38,36.48,,112.62,44.38,13.07,87.05,56.0,,,,,,,,,,,,,,,,,,,,,,,,,,,,,,,,,,,,,,,,,,,,,,,,,,,,,,,,,,,,,,,,,,
257,135.18,20.24,36.09,,111.61,45.38,13.76,87.13,58.8,,,,,,,,,,,,,,,,,,,,,,,,,,,,,,,,,,,,,,,,,,,,,,,,,,,,,,,,,,,,,,,,,,
258,131.07,21.15,39.25,,110.6,44.26,14.25,91.02,57.65,,,,,,,,,,,,,,,,,,,,,,,,,,,,,,,,,,,,,,,,,,,,,,,,,,,,,,,,,,,,,,,,,,
259,132.22,21.16,37.7,,110.22,39.25,11.82,86.64,55.85,,,,,,,,,,,,,,,,,,,,,,,,,,,,,,,,,,,,,,,,,,,,,,,,,,,,,,,,,,,,,,,,,,
260,133.42,22.11,37.63,,112.75,39.13,12.56,84.9,53.0,,,,,,,,,,,,,,,,,,,,,,,,,,,,,,,,,,,,,,,,,,,,,,,,,,,,,,,,,,,,,,,,,,
261,132.24,22.2,38.42,,115.76,39.08,12.37,84.06,51.7,,,,,,,,,,,,,,,,,,,,,,,,,,,,,,,,,,,,,,,,,,,,,,,,,,,,,,,,,,,,,,,,,,
